scrape_date,name,brand,category,country,currency,price,price_eur,bottle_size_ml,price_per_ml,amazon_rating,amazon_reviews,availability,amazon_url,fragrantica_url,year,rating,votes,gender,fragrance_family,main_accords,perfumers,top_notes,middle_notes,base_notes,votes_love,votes_like,votes_ok,votes_dislike,votes_hate,season_spring,season_summer,season_fall,season_winter,wear_day,wear_night,brand_origin,sentiment_polarisation,crowd_pleaser_index,season_dominant,note_count,years_on_market,gender_id,brand_origin_id,fam_,fam_aromatic,fam_aromatic_aquatic,fam_aromatic_fougere,fam_aromatic_fruity,fam_aromatic_spicy,fam_chypre_fruity,fam_floral,fam_floral_aldehyde,fam_floral_fruity,fam_oriental,fam_oriental_floral,fam_oriental_fougere,fam_oriental_spicy,fam_oriental_vanilla,fam_oriental_woody,fam_woody_aquatic,fam_woody_aromatic,fam_woody_floral_musk,fam_woody_spicy,price_per_ml_scaled,votes_scaled
2026-04-14,Sauvage,Dior,designer,UAE,AED,389.0,90.66,100.0,0.9066,4.5,,in_stock,https://www.amazon.ae/s?k=Dior+Sauvage+100ml,https://www.fragrantica.com/perfume/Dior/Sauvage-31861.html,,3.86,31880,male,Aromatic Fougere,"fresh spicy, amber, citrus, aromatic, musky, woody, lavender, herbal, warm spicy","Perfumers, Perfumers, François Demachy","Calabrian bergamot, Pepper","Sichuan Pepper, Lavender, Pink Pepper, Vetiver, Patchouli, Geranium, elemi","Ambroxan, Cedar, Labdanum",12400,10300,3200,4300,1700,14200,13200,13200,9600,14100,12800,designer,0.335423197492163,0.7115987460815048,spring,12,,1,1,0.0,0.0,0.0,1.0,0.0,0.0,0.0,0.0,0.0,0.0,0.0,0.0,0.0,0.0,0.0,0.0,0.0,0.0,0.0,0.0,0.13232217573221758,0.9265129263966033
2026-04-14,Sauvage Elixir,Dior,designer,UAE,AED,338.0,78.77,60.0,1.3128,4.6,,in_stock,https://www.amazon.ae/s?k=Dior+Sauvage+Elixir+100ml,https://www.fragrantica.com/perfume/Dior/Sauvage-Elixir-68415.html,,4.31,17772,male,Aromatic,"warm spicy, fresh spicy, woody, aromatic, lavender, soft spicy, cinnamon, amber, powdery, balsamic","Perfumers, Perfumers, François Demachy","Nutmeg, Cinnamon, Cardamom, Grapefruit",Lavender,"Licorice, Sandalwood, Amber, Patchouli, Haitian Vetiver",11300,3400,1300,1000,809,5900,2400,10200,11600,5400,10500,designer,0.5890841709248132,0.8254253467347971,winter,10,,1,1,0.0,1.0,0.0,0.0,0.0,0.0,0.0,0.0,0.0,0.0,0.0,0.0,0.0,0.0,0.0,0.0,0.0,0.0,0.0,0.0,0.1967002662609357,0.5162416029313404
2026-04-14,Sauvage EDP,Dior,designer,UAE,AED,520.0,121.19,100.0,1.2119,3.4,,in_stock,https://www.amazon.ae/s?k=Dior+Sauvage+Parfum+100ml,https://www.fragrantica.com/perfume/Dior/Sauvage-Eau-de-Parfum-48100.html,,4.21,13727,male,Oriental Fougere,"fresh spicy, citrus, amber, lavender, musky, aromatic, herbal, anis, soft spicy, floral","Perfumers, Perfumers, François Demachy",Bergamot,"Sichuan Pepper, Lavender, Star Anise, Nutmeg","Ambroxan, Vanilla",7100,4100,1100,994,371,7300,6000,7400,6800,6900,7300,designer,0.4924259055982437,0.8196121478229053,fall,7,,1,1,0.0,0.0,0.0,0.0,0.0,0.0,0.0,0.0,0.0,0.0,0.0,0.0,1.0,0.0,0.0,0.0,0.0,0.0,0.0,0.0,0.1807087612526943,0.39860993980283244
2026-04-14,Oud Ispahan,Dior,designer,UAE,AED,1360.0,316.95,125.0,2.5356,3.4,,in_stock,https://www.amazon.ae/s?k=Dior+Oud+Ispahan+125ml,https://www.fragrantica.com/perfume/Dior/Oud-Ispahan-15231.html,,4.08,2578,unisex,Oriental Floral,"oud, rose, woody, warm spicy, amber, patchouli, balsamic, floral, powdery","Perfumers, Perfumers, François Demachy",Labdanum,"Rose, Patchouli, Saffron","Agarwood (Oud), Sandalwood, Cedar",1300,701,163,322,95,355,169,819,964,427,922,designer,0.46687330492057344,0.7752808988764045,winter,7,,2,1,0.0,0.0,0.0,0.0,0.0,0.0,0.0,0.0,0.0,0.0,0.0,1.0,0.0,0.0,0.0,0.0,0.0,0.0,0.0,0.0,0.39050019018638266,0.07438857707854712
2026-04-14,Fahrenheit,Dior,designer,UAE,AED,1002.0,233.52,100.0,2.3352,4.6,,in_stock,https://www.amazon.ae/s?k=Dior+Fahrenheit+100ml,https://www.fragrantica.com/perfume/Dior/Fahrenheit-228.html,,4.0,22012,male,Aromatic Fougere,"leather, woody, ozonic, fresh spicy, aromatic, animalic, aquatic, floral, citrus, green","Perfumers, Perfumers, Jean-Louis Sieuzac, Maurice Roger, Michel Almairac","Nutmeg Flower, Lavender, Cedar, Mandarin Orange, Chamomile, Bergamot, Hawthorn, Lemon","Violet Leaf, Nutmeg, Cedar, Sandalwood, Carnation, Honeysuckle, Jasmine, Lily-of-the-Valley","Leather, Vetiver, Musk, Amber, Patchouli, Tonka Bean",10600,6100,984,3300,976,4400,2200,7900,8000,5500,7900,designer,0.4382513661202186,0.7604735883424408,winter,21,,1,1,0.0,0.0,0.0,1.0,0.0,0.0,0.0,0.0,0.0,0.0,0.0,0.0,0.0,0.0,0.0,0.0,0.0,0.0,0.0,0.0,0.35873906428299734,0.6395440137261175
2026-04-14,Dior Homme Intense 2025,Dior,designer,UAE,AED,469.0,109.3,100.0,1.093,4.4,,in_stock,https://www.amazon.ae/s?k=Dior+Homme+Intense+100ml,https://www.fragrantica.com/perfume/Dior/Dior-Homme-Intense-2025-101596.html,,4.1,1803,male,Oriental Woody,"iris, woody, powdery, musky, violet, floral, earthy","Perfumers, Perfumers",Tuscan Iris,Ambrette,Virginia Cedar,1100,329,133,86,192,423,132,861,957,435,848,designer,0.4934782608695652,0.7766304347826087,winter,3,,1,1,0.0,0.0,0.0,0.0,0.0,0.0,0.0,0.0,0.0,0.0,0.0,0.0,0.0,0.0,0.0,1.0,0.0,0.0,0.0,0.0,0.16186446050462786,0.0518509901997848
2026-04-14,Miss Dior EDP 2021,Dior,designer,UAE,AED,560.0,130.51,100.0,1.3051,4.6,,in_stock,https://www.amazon.ae/s?k=Dior+Miss+Dior+Eau+de+Parfum+100ml,https://www.fragrantica.com/perfume/Dior/Miss-Dior-Eau-de-Parfum-2021--68905.html,,3.89,6630,female,Oriental Floral,"powdery, vanilla, rose, floral, fruity, sweet, fresh, iris, musky, amber","Perfumers, Perfumers, François Demachy","Iris, Peony, Lily-of-the-Valley","Rose, Apricot, Peach","Vanilla, Musk, Tonka Bean, Sandalwood, Benzoin",2400,2200,1100,711,195,2700,1600,1600,1200,2600,1000,designer,0.3337874659400545,0.696336663639116,spring,11,,0,1,0.0,0.0,0.0,0.0,0.0,0.0,0.0,0.0,0.0,0.0,0.0,1.0,0.0,0.0,0.0,0.0,0.0,0.0,0.0,0.0,0.19547990363889944,0.19222380550789542
2026-04-14,J'adore,Dior,designer,UAE,AED,520.0,121.19,100.0,1.2119,4.6,,in_stock,https://www.amazon.ae/s?k=Dior+Jadore+100ml,https://www.fragrantica.com/perfume/Dior/J-adore-210.html,,3.8,28776,female,Floral Fruity,"white floral, floral, fruity, sweet, fresh, citrus, aquatic, powdery, ozonic, tuberose","Perfumers, Perfumers, Calice Becker","Pear, Melon, Magnolia, Peach, Mandarin Orange, Bergamot","Jasmine, Lily-of-the-Valley, Tuberose, Freesia, Rose, Orchid, Violet, Plum","Musk, Vanilla, Cedar, Blackberry",9000,11600,2000,5700,488,8100,4900,5800,4200,8700,5500,designer,0.2956787550368209,0.7155759344171182,spring,18,,0,1,0.0,0.0,0.0,0.0,0.0,0.0,0.0,0.0,0.0,1.0,0.0,0.0,0.0,0.0,0.0,0.0,0.0,0.0,0.0,0.0,0.1807087612526943,0.8362462558525025
2026-04-14,Ambre Nuit,Dior,designer,UAE,AED,1199.0,279.43,125.0,2.2354,3.5,,in_stock,https://www.amazon.ae/s?k=Dior+Ambre+Nuit+125ml,https://www.fragrantica.com/perfume/Dior/Ambre-Nuit-48395.html,,4.38,2017,unisex,Oriental,"amber, rose, floral, animalic, powdery","Perfumers, Perfumers, François Demachy","Amber, Turkish Rose",,,1200,542,147,101,27,549,262,901,839,558,845,designer,0.5815567674764501,0.8636588993554785,fall,2,,2,1,0.0,0.0,0.0,0.0,0.0,0.0,0.0,0.0,0.0,0.0,1.0,0.0,0.0,0.0,0.0,0.0,0.0,0.0,0.0,0.0,0.34292189679218965,0.05807427225404949
2026-04-14,Gris Dior,Dior,designer,UAE,AED,454.29,105.87,100.0,1.0587,4.5,,in_stock,https://www.amazon.ae/s?k=Dior+Gris+Dior+125ml,https://www.fragrantica.com/perfume/Dior/Gris-Dior-48387.html,,4.21,3547,unisex,Floral,"woody, earthy, mossy, rose, patchouli, citrus, warm spicy, amber, powdery, floral","Perfumers, Perfumers, François Demachy","Oakmoss, Rose, Patchouli, Bergamot, Cedar, Amber, Sandalwood",,,1800,1100,381,201,95,1400,960,1400,1000,1400,1000,designer,0.47665641599105396,0.8107352530053117,spring,7,,2,1,0.0,0.0,0.0,0.0,0.0,0.0,0.0,1.0,0.0,0.0,0.0,0.0,0.0,0.0,0.0,0.0,0.0,0.0,0.0,0.0,0.15642829973373906,0.10256783086631575
2026-04-14,Silver Mountain Water,Creed,designer,UAE,AED,1700.0,396.18,100.0,3.9618,4.5,,in_stock,https://www.amazon.ae/s?k=Creed+Silver+Mountain+Water+100ml,https://www.fragrantica.com/perfume/Creed/Silver-Mountain-Water-472.html,,4.16,10431,unisex,Aromatic,"citrus, green, fruity, musky, woody, aromatic, powdery, fresh spicy, fresh, floral","Perfumers, Perfumers, Olivier Creed, Pierre Bourdon","Bergamot, Mandarin Orange","Green Tea, Black Currant","Musk, Sandalwood, Petitgrain, Galbanum",5000,3400,987,918,158,4600,4600,1600,990,4600,1200,niche,0.4627735831023607,0.8028290165344547,spring,8,,2,2,0.0,1.0,0.0,0.0,0.0,0.0,0.0,0.0,0.0,0.0,0.0,0.0,0.0,0.0,0.0,0.0,0.0,0.0,0.0,0.0,0.6165367059718524,0.302759763864251
2026-04-14,Green Irish Tweed,Creed,designer,UAE,AED,2244.0,522.96,100.0,5.2296,3.3,,in_stock,https://www.amazon.ae/s?k=Creed+Green+Irish+Tweed+100ml,https://www.fragrantica.com/perfume/Creed/Green-Irish-Tweed-474.html,,4.3,11635,male,Woody Floral Musk,"ozonic, aquatic, iris, powdery, woody, amber, animalic, violet, balsamic, green","Perfumers, Perfumers, Olivier Creed, Pierre Bourdon","Iris, Vervain",Violet Leaf,"Ambergris, Sandalwood",6700,3100,764,973,171,5800,4800,3500,1400,5500,2400,niche,0.55765288691493,0.8370345063204646,spring,5,,1,2,0.0,0.0,0.0,0.0,0.0,0.0,0.0,0.0,0.0,0.0,0.0,0.0,0.0,0.0,0.0,0.0,0.0,0.0,1.0,0.0,0.8174686192468619,0.33777299560880564
2026-04-14,Millesime Imperial,Creed,designer,UAE,AED,1214.0,282.92,50.0,5.6584,4.3,,in_stock,https://www.amazon.ae/s?k=Creed+Millesime+Imperial+100ml,https://www.fragrantica.com/perfume/Creed/Millesime-Imperial-466.html,,4.23,7077,unisex,Woody Floral Musk,"marine, citrus, salty, fruity, aromatic, powdery, musky, sweet, woody, iris","Perfumers, Perfumers, Olivier Creed, Pierre Bourdon","Sea Salt, Fruity Notes","Sicilian Lemon, Bergamot, Iris, Mandarin Orange","Sea Notes, Musk, Woody Notes",3600,2200,553,592,81,2700,3400,874,361,3200,944,niche,0.5008539709649872,0.8255052661542841,summer,9,,2,2,0.0,0.0,0.0,0.0,0.0,0.0,0.0,0.0,0.0,0.0,0.0,0.0,0.0,0.0,0.0,0.0,0.0,0.0,1.0,0.0,0.8854285533155827,0.20522290400442025
2026-04-14,Wind Flowers,Creed,designer,UAE,AED,30.75,7.17,100.0,0.0717,,,in_stock,https://www.amazon.ae/s?k=Creed+Wind+Flowers+75ml,https://www.fragrantica.com/perfume/Creed/Wind-Flowers-70182.html,,3.61,1017,female,Floral,"white floral, sweet, powdery, musky, tuberose, rose, woody, iris, animalic, fruity","Perfumers, Perfumers, Olivier Creed","Jasmine, Orange Blossom, Peach","Jasmine Sambac, Tuberose, Rose","Musk, Orange Blossom, Praline, Iris, Sandalwood",317,278,201,153,68,350,271,174,100,332,133,niche,0.2448377581120944,0.5850540806293019,spring,10,,0,2,0.0,0.0,0.0,0.0,0.0,0.0,0.0,1.0,0.0,0.0,0.0,0.0,0.0,0.0,0.0,0.0,0.0,0.0,0.0,0.0,0.0,0.028993514991130367
2026-04-14,Le Male,Jean Paul Gaultier,designer,UAE,AED,419.0,97.65,100.0,0.9765,4.7,,in_stock,https://www.amazon.ae/s?k=Jean+Paul+Gaultier+Le+Male+125ml,https://www.fragrantica.com/perfume/Jean-Paul-Gaultier/Le-Male-430.html,,4.0,24153,female,Oriental Fougere,"aromatic, vanilla, fresh spicy, lavender, warm spicy, green, powdery, sweet, amber, woody","Perfumers, Perfumers, Francis Kurkdjian","Lavender, Mint, Cardamom, Bergamot, Artemisia","Cinnamon, Orange Blossom, Caraway","Vanilla, Tonka Bean, Amber, Sandalwood, Cedar",9800,8800,1900,3200,458,8500,5600,9400,9600,9100,9500,designer,0.38670419736733175,0.7699312857024588,winter,13,,0,1,0.0,0.0,0.0,0.0,0.0,0.0,0.0,0.0,0.0,0.0,0.0,0.0,1.0,0.0,0.0,0.0,0.0,0.0,0.0,0.0,0.14340053252187143,0.7018059150260273
2026-04-14,Ultra Male,Jean Paul Gaultier,designer,UAE,AED,614.0,143.09,125.0,1.1447,4.3,,in_stock,https://www.amazon.ae/s?k=Jean+Paul+Gaultier+Ultra+Male+125ml,https://www.fragrantica.com/perfume/Jean-Paul-Gaultier/Ultra-Male-30947.html,,4.45,16731,male,Oriental Fougere,"vanilla, fruity, aromatic, sweet, cinnamon, warm spicy, fresh spicy, lavender, powdery, green","Perfumers, Perfumers, Francis Kurkdjian","Pear, Lavender, Mint, Bergamot, Lemon","Cinnamon, Clary Sage, Caraway","Black Vanilla Husk, Amber, Patchouli, Cedar",10700,4100,828,871,202,5600,2700,9200,10400,4000,10400,designer,0.6285851146637926,0.8861744805700258,winter,12,,1,1,0.0,0.0,0.0,0.0,0.0,0.0,0.0,0.0,0.0,0.0,0.0,0.0,1.0,0.0,0.0,0.0,0.0,0.0,0.0,0.0,0.1700583238240142,0.4859685346206415
2026-04-14,Le Male Le Parfum,Jean Paul Gaultier,designer,UAE,AED,614.0,143.09,125.0,1.1447,4.3,,in_stock,https://www.amazon.ae/s?k=Jean+Paul+Gaultier+Le+Male+Le+Parfum+125ml,https://www.fragrantica.com/perfume/Jean-Paul-Gaultier/Le-Male-Le-Parfum-61856.html,,4.6,25603,male,Oriental,"warm spicy, vanilla, lavender, aromatic, powdery, iris, woody, amber, violet","Perfumers, Perfumers, Natalie Gracia-Cetto, Quentin Bisch",Cardamom,"Lavender, Iris","Vanilla, Oriental notes, Woodsy Notes",18800,4600,1200,577,377,7900,2800,16200,18800,7200,16800,designer,0.7209438835407372,0.915707912655553,winter,6,,1,1,0.0,0.0,0.0,0.0,0.0,0.0,0.0,0.0,0.0,0.0,1.0,0.0,0.0,0.0,0.0,0.0,0.0,0.0,0.0,0.0,0.1700583238240142,0.74397301305726
2026-04-14,Le Male Elixir,Jean Paul Gaultier,designer,UAE,AED,419.0,97.65,100.0,0.9765,4.7,,in_stock,https://www.amazon.ae/s?k=Jean+Paul+Gaultier+Le+Male+Elixir+125ml,https://www.fragrantica.com/perfume/Jean-Paul-Gaultier/Le-Male-Elixir-81642.html,,4.52,23518,male,Oriental Fougere,"vanilla, sweet, honey, aromatic, amber, lavender, tobacco, green, fresh spicy, powdery","Perfumers, Perfumers, Quentin Bisch","Lavender, Mint","Vanilla, Benzoin","Honey, Tonka Bean, Tobacco",16800,4100,1300,746,579,5000,2300,14000,18000,6500,14900,designer,0.6895217853347503,0.8884165781083954,winter,7,,1,1,0.0,0.0,0.0,0.0,0.0,0.0,0.0,0.0,0.0,0.0,0.0,0.0,1.0,0.0,0.0,0.0,0.0,0.0,0.0,0.0,0.14340053252187143,0.6833396341640736
2026-04-14,Hawas Elixir,Rasasi,arabic,UAE,AED,97.0,22.61,100.0,0.2261,4.3,,in_stock,https://www.amazon.ae/s?k=Rasasi+Hawas+Elixir+100ml,https://www.fragrantica.com/perfume/Rasasi/Hawas-Elixir-110808.html,,4.54,987,unisex,Oriental Vanilla,"vanilla, aromatic, green, sweet, fresh spicy, warm spicy, amber, chocolate, lavender, powdery","Perfumers, Perfumers","Mint, Bergamot, Artemisia","Dark Chocolate, Lavender, Benzoin","Vanilla, Tonka Bean, White Musk",660,238,57,21,11,312,86,619,747,279,664,arabic,0.6575481256332321,0.9098277608915907,winter,9,,2,0,0.0,0.0,0.0,0.0,0.0,0.0,0.0,0.0,0.0,0.0,0.0,0.0,0.0,0.0,1.0,0.0,0.0,0.0,0.0,0.0,0.02447064790161024,0.028121092273242793
2026-04-14,Hawas Viper,Rasasi,arabic,UAE,AED,97.0,22.61,100.0,0.2261,4.3,,in_stock,https://www.amazon.ae/s?k=Rasasi+Hawas+Viper+100ml,https://www.fragrantica.com/perfume/Rasasi/Hawas-Viper-113594.html,,3.71,139,male,Oriental,"warm spicy, aromatic, tobacco, sweet, green, cannabis, coffee, fruity, herbal, musky","Perfumers, Perfumers","Saffron, cannabis, Thyme, Green Notes, Davana","Tobacco, Coffee, Cinnamon, Violet, Raspberry","Gurjan balsam, Musk, Tonka",74,18,7,12,28,32,13,58,83,29,66,arabic,0.33093525179856115,0.6618705035971223,winter,13,,1,0,0.0,0.0,0.0,0.0,0.0,0.0,0.0,0.0,0.0,0.0,1.0,0.0,0.0,0.0,0.0,0.0,0.0,0.0,0.0,0.0,0.02447064790161024,0.003460610114287376
2026-04-14,Sauvage,Dior,designer,USA,USD,116.18,99.44,100.0,0.9944,4.5,,in_stock,https://www.amazon.com/s?k=Dior+Sauvage,https://www.fragrantica.com/perfume/Dior/Sauvage-31861.html,,3.86,31880,male,Aromatic Fougere,"fresh spicy, amber, citrus, aromatic, musky, woody, lavender, herbal, warm spicy","Perfumers, Perfumers, François Demachy","Calabrian bergamot, Pepper","Sichuan Pepper, Lavender, Pink Pepper, Vetiver, Patchouli, Geranium, elemi","Ambroxan, Cedar, Labdanum",12400,10300,3200,4300,1700,14200,13200,13200,9600,14100,12800,designer,0.335423197492163,0.7115987460815048,spring,12,,1,1,0.0,0.0,0.0,1.0,0.0,0.0,0.0,0.0,0.0,0.0,0.0,0.0,0.0,0.0,0.0,0.0,0.0,0.0,0.0,0.0,0.14623747939647522,0.9265129263966033
2026-04-14,Sauvage Elixir,Dior,designer,USA,USD,173.75,148.71,100.0,1.4871,4.6,,in_stock,https://www.amazon.com/s?k=Dior+Sauvage+Elixir,https://www.fragrantica.com/perfume/Dior/Sauvage-Elixir-68415.html,,4.31,17772,male,Aromatic,"warm spicy, fresh spicy, woody, aromatic, lavender, soft spicy, cinnamon, amber, powdery, balsamic","Perfumers, Perfumers, François Demachy","Nutmeg, Cinnamon, Cardamom, Grapefruit",Lavender,"Licorice, Sandalwood, Amber, Patchouli, Haitian Vetiver",11300,3400,1300,1000,809,5900,2400,10200,11600,5400,10500,designer,0.5890841709248132,0.8254253467347971,winter,10,,1,1,0.0,1.0,0.0,0.0,0.0,0.0,0.0,0.0,0.0,0.0,0.0,0.0,0.0,0.0,0.0,0.0,0.0,0.0,0.0,0.0,0.22432483834157477,0.5162416029313404
2026-04-14,Sauvage EDP,Dior,designer,USA,USD,149.9,128.3,100.0,1.283,4.3,,in_stock,https://www.amazon.com/s?k=Dior+Sauvage+Parfum,https://www.fragrantica.com/perfume/Dior/Sauvage-Eau-de-Parfum-48100.html,,4.21,13727,male,Oriental Fougere,"fresh spicy, citrus, amber, lavender, musky, aromatic, herbal, anis, soft spicy, floral","Perfumers, Perfumers, François Demachy",Bergamot,"Sichuan Pepper, Lavender, Star Anise, Nutmeg","Ambroxan, Vanilla",7100,4100,1100,994,371,7300,6000,7400,6800,6900,7300,designer,0.4924259055982437,0.8196121478229053,fall,7,,1,1,0.0,0.0,0.0,0.0,0.0,0.0,0.0,0.0,0.0,0.0,0.0,0.0,1.0,0.0,0.0,0.0,0.0,0.0,0.0,0.0,0.19197730442500316,0.39860993980283244
2026-04-14,Fahrenheit,Dior,designer,USA,USD,100.0,85.59,100.0,0.8559,4.6,,in_stock,https://www.amazon.com/s?k=Dior+Fahrenheit,https://www.fragrantica.com/perfume/Dior/Fahrenheit-228.html,,4.0,22012,male,Aromatic Fougere,"leather, woody, ozonic, fresh spicy, aromatic, animalic, aquatic, floral, citrus, green","Perfumers, Perfumers, Jean-Louis Sieuzac, Maurice Roger, Michel Almairac","Nutmeg Flower, Lavender, Cedar, Mandarin Orange, Chamomile, Bergamot, Hawthorn, Lemon","Violet Leaf, Nutmeg, Cedar, Sandalwood, Carnation, Honeysuckle, Jasmine, Lily-of-the-Valley","Leather, Vetiver, Musk, Amber, Patchouli, Tonka Bean",10600,6100,984,3300,976,4400,2200,7900,8000,5500,7900,designer,0.4382513661202186,0.7604735883424408,winter,21,,1,1,0.0,0.0,0.0,1.0,0.0,0.0,0.0,0.0,0.0,0.0,0.0,0.0,0.0,0.0,0.0,0.0,0.0,0.0,0.0,0.0,0.12428680106504374,0.6395440137261175
2026-04-14,Dior Homme Intense 2025,Dior,designer,USA,USD,175.4,150.12,100.0,1.5012,4.1,,in_stock,https://www.amazon.com/s?k=Dior+Homme+Intense,https://www.fragrantica.com/perfume/Dior/Dior-Homme-Intense-2025-101596.html,,4.1,1803,male,Oriental Woody,"iris, woody, powdery, musky, violet, floral, earthy","Perfumers, Perfumers",Tuscan Iris,Ambrette,Virginia Cedar,1100,329,133,86,192,423,132,861,957,435,848,designer,0.4934782608695652,0.7766304347826087,winter,3,,1,1,0.0,0.0,0.0,0.0,0.0,0.0,0.0,0.0,0.0,0.0,0.0,0.0,0.0,0.0,0.0,1.0,0.0,0.0,0.0,0.0,0.22655952833777104,0.0518509901997848
2026-04-14,Miss Dior EDP 2021,Dior,designer,USA,USD,161.18,137.95,100.0,1.3795,4.6,,in_stock,https://www.amazon.com/s?k=Dior+Miss+Dior+Eau+de+Parfum,https://www.fragrantica.com/perfume/Dior/Miss-Dior-Eau-de-Parfum-2021--68905.html,,3.89,6630,female,Oriental Floral,"powdery, vanilla, rose, floral, fruity, sweet, fresh, iris, musky, amber","Perfumers, Perfumers, François Demachy","Iris, Peony, Lily-of-the-Valley","Rose, Apricot, Peach","Vanilla, Musk, Tonka Bean, Sandalwood, Benzoin",2400,2200,1100,711,195,2700,1600,1600,1200,2600,1000,designer,0.3337874659400545,0.696336663639116,spring,11,,0,1,0.0,0.0,0.0,0.0,0.0,0.0,0.0,0.0,0.0,0.0,0.0,1.0,0.0,0.0,0.0,0.0,0.0,0.0,0.0,0.0,0.20727145936350957,0.19222380550789542
2026-04-14,J'adore,Dior,designer,USA,USD,151.99,130.08,100.0,1.3008,4.6,,in_stock,https://www.amazon.com/s?k=Dior+Jadore,https://www.fragrantica.com/perfume/Dior/J-adore-210.html,,3.8,28776,female,Floral Fruity,"white floral, floral, fruity, sweet, fresh, citrus, aquatic, powdery, ozonic, tuberose","Perfumers, Perfumers, Calice Becker","Pear, Melon, Magnolia, Peach, Mandarin Orange, Bergamot","Jasmine, Lily-of-the-Valley, Tuberose, Freesia, Rose, Orchid, Violet, Plum","Musk, Vanilla, Cedar, Blackberry",9000,11600,2000,5700,488,8100,4900,5800,4200,8700,5500,designer,0.2956787550368209,0.7155759344171182,spring,18,,0,1,0.0,0.0,0.0,0.0,0.0,0.0,0.0,0.0,0.0,1.0,0.0,0.0,0.0,0.0,0.0,0.0,0.0,0.0,0.0,0.0,0.1947984024343857,0.8362462558525025
2026-04-14,Gris Dior,Dior,designer,USA,USD,119.99,102.7,100.0,1.027,4.5,,in_stock,https://www.amazon.com/s?k=Dior+Gris+Dior,https://www.fragrantica.com/perfume/Dior/Gris-Dior-48387.html,,4.21,3547,unisex,Floral,"woody, earthy, mossy, rose, patchouli, citrus, warm spicy, amber, powdery, floral","Perfumers, Perfumers, François Demachy","Oakmoss, Rose, Patchouli, Bergamot, Cedar, Amber, Sandalwood",,,1800,1100,381,201,95,1400,960,1400,1000,1400,1000,designer,0.47665641599105396,0.8107352530053117,spring,7,,2,1,0.0,0.0,0.0,0.0,0.0,0.0,0.0,1.0,0.0,0.0,0.0,0.0,0.0,0.0,0.0,0.0,0.0,0.0,0.0,0.0,0.15140420945860275,0.10256783086631575
2026-04-14,Silver Mountain Water,Creed,designer,USA,USD,490.0,419.38,100.0,4.1938,4.2,,in_stock,https://www.amazon.com/s?k=Creed+Silver+Mountain+Water,https://www.fragrantica.com/perfume/Creed/Silver-Mountain-Water-472.html,,4.16,10431,unisex,Aromatic,"citrus, green, fruity, musky, woody, aromatic, powdery, fresh spicy, fresh, floral","Perfumers, Perfumers, Olivier Creed, Pierre Bourdon","Bergamot, Mandarin Orange","Green Tea, Black Currant","Musk, Sandalwood, Petitgrain, Galbanum",5000,3400,987,918,158,4600,4600,1600,990,4600,1200,niche,0.4627735831023607,0.8028290165344547,spring,8,,2,2,0.0,1.0,0.0,0.0,0.0,0.0,0.0,0.0,0.0,0.0,0.0,0.0,0.0,0.0,0.0,0.0,0.0,0.0,0.0,0.0,0.6533060732851529,0.302759763864251
2026-04-14,Green Irish Tweed,Creed,designer,USA,USD,490.0,419.38,100.0,4.1938,4.2,,in_stock,https://www.amazon.com/s?k=Creed+Green+Irish+Tweed,https://www.fragrantica.com/perfume/Creed/Green-Irish-Tweed-474.html,,4.3,11635,male,Woody Floral Musk,"ozonic, aquatic, iris, powdery, woody, amber, animalic, violet, balsamic, green","Perfumers, Perfumers, Olivier Creed, Pierre Bourdon","Iris, Vervain",Violet Leaf,"Ambergris, Sandalwood",6700,3100,764,973,171,5800,4800,3500,1400,5500,2400,niche,0.55765288691493,0.8370345063204646,spring,5,,1,2,0.0,0.0,0.0,0.0,0.0,0.0,0.0,0.0,0.0,0.0,0.0,0.0,0.0,0.0,0.0,0.0,0.0,0.0,1.0,0.0,0.6533060732851529,0.33777299560880564
2026-04-14,Millesime Imperial,Creed,designer,USA,USD,37.0,31.67,100.0,0.3167,5.0,,in_stock,https://www.amazon.com/s?k=Creed+Millesime+Imperial,https://www.fragrantica.com/perfume/Creed/Millesime-Imperial-466.html,,4.23,7077,unisex,Woody Floral Musk,"marine, citrus, salty, fruity, aromatic, powdery, musky, sweet, woody, iris","Perfumers, Perfumers, Olivier Creed, Pierre Bourdon","Sea Salt, Fruity Notes","Sicilian Lemon, Bergamot, Iris, Mandarin Orange","Sea Notes, Musk, Woody Notes",3600,2200,553,592,81,2700,3400,874,361,3200,944,niche,0.5008539709649872,0.8255052661542841,summer,9,,2,2,0.0,0.0,0.0,0.0,0.0,0.0,0.0,0.0,0.0,0.0,0.0,0.0,0.0,0.0,0.0,0.0,0.0,0.0,1.0,0.0,0.038829719792062886,0.20522290400442025
2026-04-14,Viking,Creed,designer,USA,USD,510.0,436.49,100.0,4.3649,4.2,,in_stock,https://www.amazon.com/s?k=Creed+Viking,https://www.fragrantica.com/perfume/Creed/Viking-41698.html,,3.96,4101,male,Woody Aromatic,"aromatic, fresh spicy, green, citrus, soft spicy, lavender, woody, rose, musky, warm spicy","Perfumers, Perfumers, Olivier Creed","Pink Pepper, Peppermint, Bergamot, Lemon, Absinthe, Orange","Lavender, Bulgarian Rose, Clove, Allspice, Orris Root, Jasmine","Vetiver, Cedar, White Musk, Tonka Bean",1800,1200,457,572,108,1700,1200,1700,1300,1800,1200,niche,0.40899202320522116,0.7251631617113851,spring,16,,1,2,0.0,0.0,0.0,0.0,0.0,0.0,0.0,0.0,0.0,0.0,0.0,0.0,0.0,0.0,0.0,0.0,0.0,1.0,0.0,0.0,0.6804234816787117,0.11867857038997295
2026-04-14,Aventus Cologne,Creed,designer,USA,USD,40.0,34.23,50.0,0.6846,,,in_stock,https://www.amazon.com/s?k=Creed+Aventus+Cologne,https://www.fragrantica.com/perfume/Creed/Aventus-Cologne-51692.html,,4.33,3239,male,Aromatic Fruity,"citrus, woody, musky, leather, fresh spicy, powdery, smoky, aromatic, earthy, sweet","Perfumers, Perfumers, Olivier Creed","Mandarin Orange, Ginger, Pink Pepper, Bergamot, Spearmint","Vetiver, Patchouli, Sandalwood, Ozonic notes","Musk, Birch, Tonka Bean, Styrax, Cedar",1900,798,230,224,56,1600,1800,860,304,1700,697,niche,0.5748129675810474,0.8410224438902744,summer,14,,1,2,0.0,0.0,0.0,0.0,1.0,0.0,0.0,0.0,0.0,0.0,0.0,0.0,0.0,0.0,0.0,0.0,0.0,0.0,0.0,0.0,0.09713769494104221,0.09361095762933666
2026-04-14,Royal Oud,Creed,designer,USA,USD,41.99,35.94,100.0,0.3594,3.8,,in_stock,https://www.amazon.com/s?k=Creed+Royal+Oud,https://www.fragrantica.com/perfume/Creed/Royal-Oud-12317.html,,4.36,5496,unisex,Oriental Fougere,"woody, musky, powdery, citrus, aromatic, soft spicy, oud, green, amber","Perfumers, Perfumers, Julien Rasquinet, Olivier Creed","Pink Pepper, Lemon, Sicilian Bergamot","Cedar, Angelica, Galbanum","Sandalwood, Agarwood (Oud), Musk",3300,1500,310,404,59,1700,695,2400,2200,1800,2100,niche,0.5815539206890364,0.8612955320294275,fall,9,,2,2,0.0,0.0,0.0,0.0,0.0,0.0,0.0,0.0,0.0,0.0,0.0,0.0,1.0,0.0,0.0,0.0,0.0,0.0,0.0,0.0,0.045597185241536706,0.1592462267717451
2026-04-14,Wind Flowers,Creed,designer,USA,USD,460.0,393.7,100.0,3.937,4.1,,in_stock,https://www.amazon.com/s?k=Creed+Wind+Flowers,https://www.fragrantica.com/perfume/Creed/Wind-Flowers-70182.html,,3.61,1017,female,Floral,"white floral, sweet, powdery, musky, tuberose, rose, woody, iris, animalic, fruity","Perfumers, Perfumers, Olivier Creed","Jasmine, Orange Blossom, Peach","Jasmine Sambac, Tuberose, Rose","Musk, Orange Blossom, Praline, Iris, Sandalwood",317,278,201,153,68,350,271,174,100,332,133,niche,0.2448377581120944,0.5850540806293019,spring,10,,0,2,0.0,0.0,0.0,0.0,0.0,0.0,0.0,1.0,0.0,0.0,0.0,0.0,0.0,0.0,0.0,0.0,0.0,0.0,0.0,0.0,0.6126061873969824,0.028993514991130367
2026-04-14,Le Male,Jean Paul Gaultier,designer,USA,USD,77.68,66.48,100.0,0.6648,4.6,,in_stock,https://www.amazon.com/s?k=Jean+Paul+Gaultier+Le+Male,https://www.fragrantica.com/perfume/Jean-Paul-Gaultier/Le-Male-430.html,,4.0,24153,female,Oriental Fougere,"aromatic, vanilla, fresh spicy, lavender, warm spicy, green, powdery, sweet, amber, woody","Perfumers, Perfumers, Francis Kurkdjian","Lavender, Mint, Cardamom, Bergamot, Artemisia","Cinnamon, Orange Blossom, Caraway","Vanilla, Tonka Bean, Amber, Sandalwood, Cedar",9800,8800,1900,3200,458,8500,5600,9400,9600,9100,9500,designer,0.38670419736733175,0.7699312857024588,winter,13,,0,1,0.0,0.0,0.0,0.0,0.0,0.0,0.0,0.0,0.0,0.0,0.0,0.0,1.0,0.0,0.0,0.0,0.0,0.0,0.0,0.0,0.09399961962723467,0.7018059150260273
2026-04-14,Ultra Male,Jean Paul Gaultier,designer,USA,USD,91.99,78.73,100.0,0.7873,4.7,,in_stock,https://www.amazon.com/s?k=Jean+Paul+Gaultier+Ultra+Male,https://www.fragrantica.com/perfume/Jean-Paul-Gaultier/Ultra-Male-30947.html,,4.45,16731,male,Oriental Fougere,"vanilla, fruity, aromatic, sweet, cinnamon, warm spicy, fresh spicy, lavender, powdery, green","Perfumers, Perfumers, Francis Kurkdjian","Pear, Lavender, Mint, Bergamot, Lemon","Cinnamon, Clary Sage, Caraway","Black Vanilla Husk, Amber, Patchouli, Cedar",10700,4100,828,871,202,5600,2700,9200,10400,4000,10400,designer,0.6285851146637926,0.8861744805700258,winter,12,,1,1,0.0,0.0,0.0,0.0,0.0,0.0,0.0,0.0,0.0,0.0,0.0,0.0,1.0,0.0,0.0,0.0,0.0,0.0,0.0,0.0,0.11341447952326612,0.4859685346206415
2026-04-14,Le Male Le Parfum,Jean Paul Gaultier,designer,USA,USD,105.9,90.64,125.0,0.7251,,,in_stock,https://www.amazon.com/s?k=Jean+Paul+Gaultier+Le+Male+Le+Parfum,https://www.fragrantica.com/perfume/Jean-Paul-Gaultier/Le-Male-Le-Parfum-61856.html,,4.6,25603,male,Oriental,"warm spicy, vanilla, lavender, aromatic, powdery, iris, woody, amber, violet","Perfumers, Perfumers, Natalie Gracia-Cetto, Quentin Bisch",Cardamom,"Lavender, Iris","Vanilla, Oriental notes, Woodsy Notes",18800,4600,1200,577,377,7900,2800,16200,18800,7200,16800,designer,0.7209438835407372,0.915707912655553,winter,6,,1,1,0.0,0.0,0.0,0.0,0.0,0.0,0.0,0.0,0.0,0.0,1.0,0.0,0.0,0.0,0.0,0.0,0.0,0.0,0.0,0.0,0.10355648535564853,0.74397301305726
2026-04-14,Classique,Jean Paul Gaultier,designer,USA,USD,82.58,70.68,100.0,0.7068,4.6,,in_stock,https://www.amazon.com/s?k=Jean+Paul+Gaultier+Classique,https://www.fragrantica.com/perfume/Jean-Paul-Gaultier/Classique-427.html,,3.92,12440,female,Oriental Floral,"white floral, sweet, powdery, citrus, vanilla, soft spicy, floral, anis, woody, yellow floral","Perfumers, Perfumers, Jacques Cavallier Belletrud","Orange Blossom, Star Anise, Rose, Mandarin Orange, Pear, Bergamot","Ylang-Ylang, Ginger, Orchid, Tuberose, Iris, Plum","Vanilla, Amber, Musk, Cinnamon, Sandalwood",4700,4700,507,2300,169,1700,1100,3100,3300,2400,3500,designer,0.36611182934712344,0.7595345830639948,winter,17,,0,1,0.0,0.0,0.0,0.0,0.0,0.0,0.0,0.0,0.0,0.0,0.0,1.0,0.0,0.0,0.0,0.0,0.0,0.0,0.0,0.0,0.10065614302015975,0.36118300520545554
2026-04-14,Scandal Pour Homme,Jean Paul Gaultier,designer,USA,USD,84.52,72.34,100.0,0.7234,4.6,,in_stock,https://www.amazon.com/s?k=Jean+Paul+Gaultier+Scandal+Pour+Homme,https://www.fragrantica.com/perfume/Jean-Paul-Gaultier/Scandal-Pour-Homme-68074.html,,4.27,6998,male,Oriental Woody,"caramel, aromatic, sweet, citrus, vanilla, amber, soft spicy, woody","Perfumers, Perfumers, Christophe Raynaud, Natalie Gracia-Cetto, Quentin Bisch","Mandarin Orange, Clary Sage","Caramel, Tonka Bean",Vetiver,3900,1900,641,365,193,2300,947,4000,4400,2100,4100,designer,0.5296470924417774,0.8286898128304043,winter,5,,1,1,0.0,0.0,0.0,0.0,0.0,0.0,0.0,0.0,0.0,0.0,0.0,0.0,0.0,0.0,0.0,1.0,0.0,0.0,0.0,0.0,0.10328705464688728,0.20292552418064963
2026-04-14,Le Male Elixir,Jean Paul Gaultier,designer,USA,USD,101.45,86.83,100.0,0.8683,3.2,,in_stock,https://www.amazon.com/s?k=Jean+Paul+Gaultier+Le+Male+Elixir,https://www.fragrantica.com/perfume/Jean-Paul-Gaultier/Le-Male-Elixir-81642.html,,4.52,23518,male,Oriental Fougere,"vanilla, sweet, honey, aromatic, amber, lavender, tobacco, green, fresh spicy, powdery","Perfumers, Perfumers, Quentin Bisch","Lavender, Mint","Vanilla, Benzoin","Honey, Tonka Bean, Tobacco",16800,4100,1300,746,579,5000,2300,14000,18000,6500,14900,designer,0.6895217853347503,0.8884165781083954,winter,7,,1,1,0.0,0.0,0.0,0.0,0.0,0.0,0.0,0.0,0.0,0.0,0.0,0.0,1.0,0.0,0.0,0.0,0.0,0.0,0.0,0.0,0.12625206035247877,0.6833396341640736
2026-04-14,Bleu de Chanel,Chanel,designer,USA,USD,173.95,148.88,100.0,1.4888,5.0,,in_stock,https://www.amazon.com/s?k=Chanel+Bleu+de+Chanel,https://www.fragrantica.com/perfume/Chanel/Bleu-de-Chanel-9099.html,,4.18,20400,male,Woody Aromatic,"citrus, woody, fresh spicy, aromatic, amber, smoky, balsamic, warm spicy, green, fresh","Perfumers, Perfumers, Jacques Polge","Grapefruit, Lemon, Mint, Pink Pepper","Ginger, Nutmeg, Jasmine, Iso E Super","Incense, Cedar, Vetiver, Sandalwood, Patchouli, Labdanum, White Musk",9700,7300,1200,2000,215,8500,7800,7200,5000,8600,7500,designer,0.46460935586578495,0.8327210384521185,spring,15,,1,1,0.0,0.0,0.0,0.0,0.0,0.0,0.0,0.0,0.0,0.0,0.0,0.0,0.0,0.0,0.0,0.0,0.0,1.0,0.0,0.0,0.22459426905033597,0.5926658330182918
2026-04-14,Allure Homme Sport,Chanel,designer,USA,USD,167.99,143.78,100.0,1.4378,4.2,,in_stock,https://www.amazon.com/s?k=Chanel+Allure+Homme+Sport,https://www.fragrantica.com/perfume/Chanel/Allure-Homme-Sport-607.html,,4.26,15010,male,Woody Spicy,"citrus, aromatic, vanilla, aldehydic, marine, sweet, fresh spicy, fresh, amber, powdery","Perfumers, Perfumers, Jacques Polge","Orange, Sea Notes, Aldehydes, Blood Mandarin","Pepper, Neroli, Cedar","Vanilla, Tonka Bean, White Musk, Amber, Vetiver, Elemi resin",7500,5400,835,1200,118,6200,7000,2900,1400,7000,2400,designer,0.4904005846010762,0.8569720321530592,summer,13,,1,1,0.0,0.0,0.0,0.0,0.0,0.0,0.0,0.0,0.0,0.0,0.0,0.0,0.0,0.0,0.0,0.0,0.0,0.0,0.0,1.0,0.21651134778749842,0.43592055137115765
2026-04-14,Coco Mademoiselle,Chanel,designer,USA,USD,173.15,148.19,100.0,1.4819,4.4,,in_stock,https://www.amazon.com/s?k=Chanel+Coco+Mademoiselle,https://www.fragrantica.com/perfume/Chanel/Coco-Mademoiselle-611.html,,4.11,32623,female,Oriental Floral,"citrus, woody, patchouli, sweet, white floral, rose, earthy, vanilla, warm spicy, yellow floral","Perfumers, Perfumers, Jacques Polge","Orange, Mandarin Orange, Bergamot, Orange Blossom","Turkish Rose, Jasmine, Mimosa, Ylang-Ylang","Patchouli, White Musk, Vanilla, Vetiver, Tonka Bean, Opoponax",14800,11500,1800,4000,506,9100,5100,8500,7400,10600,7200,designer,0.43838557320738514,0.8066000122676807,spring,14,,0,1,0.0,0.0,0.0,0.0,0.0,0.0,0.0,0.0,0.0,0.0,0.0,1.0,0.0,0.0,0.0,0.0,0.0,0.0,0.0,0.0,0.22350069735006975,0.9481199290429523
2026-04-14,Chanel No 5 Eau Premiere,Chanel,designer,USA,USD,209.0,178.88,100.0,1.7888,4.4,,in_stock,https://www.amazon.com/s?k=Chanel+No+5+Eau+Premiere,https://www.fragrantica.com/perfume/Chanel/Chanel-N-5-Eau-Premiere-1360.html,,4.21,6177,female,Floral Aldehyde,"woody, aldehydic, fresh, white floral, yellow floral, vanilla, sweet, rose, floral, powdery","Perfumers, Perfumers, Jacques Polge","Aldehydes, Ylang-Ylang, Neroli","Jasmine, Tincture of Rose","Vanille, Sandalwood, Vetyver",2900,2400,72,752,12,1400,820,1100,891,1700,851,designer,0.4706649282920469,0.863754889178618,spring,8,,0,1,0.0,0.0,0.0,0.0,0.0,0.0,0.0,0.0,1.0,0.0,0.0,0.0,0.0,0.0,0.0,0.0,0.0,0.0,0.0,0.0,0.27214086471408644,0.17905022246779304
2026-04-14,Egoiste Platinum,Chanel,designer,USA,USD,171.95,147.17,100.0,1.4717,4.4,,in_stock,https://www.amazon.com/s?k=Chanel+Egoiste+Platinum,https://www.fragrantica.com/perfume/Chanel/Egoiste-Platinum-614.html,,4.23,11901,male,Woody Floral Musk,"aromatic, fresh spicy, woody, lavender, green, herbal","Perfumers, Perfumers, Jacques Polge","Lavender, Rosemary, Neroli, Petitgrain","Geranium, Clary Sage, Galbanum, Jasmine","Oakmoss, Vetiver, Cedar, Sandalwood, Amber",6200,3700,606,1200,151,4900,4200,3700,2100,5000,2700,designer,0.5101627730454584,0.8349498186725142,spring,13,,1,1,0.0,0.0,0.0,0.0,0.0,0.0,0.0,0.0,0.0,0.0,0.0,0.0,0.0,0.0,0.0,0.0,0.0,0.0,1.0,0.0,0.22188411309750222,0.3455084770407421
2026-04-14,Oud Wood,Tom Ford,designer,USA,USD,180.0,154.06,100.0,1.5406,3.0,,in_stock,https://www.amazon.com/s?k=Tom+Ford+Oud+Wood,https://www.fragrantica.com/perfume/Tom-Ford/Oud-Wood-1826.html,,4.29,16675,unisex,Oriental Woody,"woody, oud, warm spicy, aromatic, vanilla, balsamic, fresh spicy, amber, powdery, sweet","Perfumers, Perfumers, Richard Herpin","Agarwood (Oud), Brazilian Rosewood, Cardamom, Sandalwood, Sichuan Pepper, Vanilla, Vetiver, Tonka Bean, Amber",,,9300,4700,1300,1100,313,4000,1700,7500,7300,4700,6800,niche,0.5377251241548495,0.8376712738586729,fall,9,,2,2,0.0,0.0,0.0,0.0,0.0,0.0,0.0,0.0,0.0,0.0,0.0,0.0,0.0,0.0,0.0,1.0,0.0,0.0,0.0,0.0,0.23280398123494359,0.48434001221391804
2026-04-14,Black Orchid,Tom Ford,designer,USA,USD,132.94,113.78,100.0,1.1378,5.0,,in_stock,https://www.amazon.com/s?k=Tom+Ford+Black+Orchid,https://www.fragrantica.com/perfume/Tom-Ford/Black-Orchid-1018.html,,3.89,31376,female,Oriental Floral,"warm spicy, earthy, woody, sweet, amber, patchouli, floral, chocolate, powdery, balsamic","Perfumers, Perfumers, David Apel, Pierre Negrin","Truffle, Gardenia, Black Currant, Ylang-Ylang, Jasmine, Bergamot, Mandarin Orange, Amalfi Lemon","Orchid, Spices, Gardenia, Fruity Notes, Ylang-Ylang, Jasmine, Lotus","Mexican chocolate, Patchouli, Vanille, Incense, Amber, Sandalwood, Vetiver, White Musk",13700,8900,1900,5400,1500,3000,1700,10000,12000,3600,12300,niche,0.3885350318471338,0.7197452229299363,winter,20,,0,2,0.0,0.0,0.0,0.0,0.0,0.0,0.0,0.0,0.0,0.0,0.0,1.0,0.0,0.0,0.0,0.0,0.0,0.0,0.0,0.0,0.16896475212374792,0.9118562247360922
2026-04-14,Tobacco Vanille,Tom Ford,designer,USA,USD,145.0,124.1,100.0,1.241,4.4,,in_stock,https://www.amazon.com/s?k=Tom+Ford+Tobacco+Vanille,https://www.fragrantica.com/perfume/Tom-Ford/Tobacco-Vanille-1825.html,,4.19,29838,unisex,Oriental Spicy,"vanilla, sweet, tobacco, warm spicy, fruity, woody, cacao, powdery","Perfumers, Perfumers, Olivier Gillotin","Tobacco Leaf, Spicy Notes","Vanilla, Cacao, Tonka Bean, Tobacco Blossom","Dried Fruits, Woody Notes",16200,7800,2000,2900,953,2500,1600,11700,14300,5100,12300,niche,0.5107359394365726,0.803939302582655,winter,8,,2,2,0.0,0.0,0.0,0.0,0.0,0.0,0.0,0.0,0.0,0.0,0.0,0.0,0.0,1.0,0.0,0.0,0.0,0.0,0.0,0.0,0.18532078103207814,0.8671300200657225
2026-04-14,Lost Cherry,Tom Ford,designer,USA,USD,91.29,78.13,100.0,0.7813,4.4,,in_stock,https://www.amazon.com/s?k=Tom+Ford+Lost+Cherry,https://www.fragrantica.com/perfume/Tom-Ford/Lost-Cherry-51411.html,,4.07,16966,unisex,Oriental Floral,"cherry, sweet, almond, nutty, fruity, vanilla, warm spicy, amber, woody, balsamic","Perfumers, Perfumers, Louise Turner","Bitter Almond, Black Cherry, Cherry Liqueur","Sour Cherry, Plum, Turkish Rose, Jasmine Sambac","Vanilla, Tonka Bean, Cinnamon, Peru Balsam, Sandalwood, Benzoin, Cloves, Cedar, Patchouli, Vetiver",8000,5000,1900,1500,627,3400,2100,6300,6100,4100,6000,niche,0.4330181476478534,0.7634932753861514,fall,17,,2,2,0.0,0.0,0.0,0.0,0.0,0.0,0.0,0.0,0.0,0.0,0.0,1.0,0.0,0.0,0.0,0.0,0.0,0.0,0.0,0.0,0.11246354760999111,0.49280251257742747
2026-04-14,Tuscan Leather,Tom Ford,designer,USA,USD,144.85,123.97,100.0,1.2397,4.4,,in_stock,https://www.amazon.com/s?k=Tom+Ford+Tuscan+Leather,https://www.fragrantica.com/perfume/Tom-Ford/Tuscan-Leather-1849.html,,4.26,10176,unisex,Leather,"leather, fruity, animalic, sweet, amber, smoky, warm spicy, woody","Perfumers, Perfumers","Raspberry, Saffron, Thyme","Olibanum, Jasmine","Leather, Suede, Woody Notes, Amber",5600,2900,514,947,186,1400,548,3700,3800,2000,3600,niche,0.5335567162708189,0.8376860155711048,winter,9,,2,2,0.0,0.0,0.0,0.0,0.0,0.0,0.0,0.0,0.0,0.0,0.0,0.0,0.0,0.0,0.0,0.0,0.0,0.0,0.0,0.0,0.18511474578420187,0.29534417076220665
2026-04-14,Verde Accento,Xerjoff,designer,USA,USD,160.13,137.05,100.0,1.3705,4.0,,in_stock,https://www.amazon.com/s?k=Xerjoff+Verde+Accento,https://www.fragrantica.com/perfume/Xerjoff/Verde-Accento-105329.html,,4.2,20,unisex,,"woody, citrus, powdery, white floral, patchouli, musky, warm spicy, iris, earthy, soft spicy","Perfumers, Perfumers","Italian Mandarin, Bergamot","Jasmine, Iris, Pink Pepper","Patchouli, Sandalwood, Musk, Amber, Bourbon Vanilla",11,5,2,1,1,5,7,4,1,7,2,niche,0.5,0.8,summer,10,,2,2,1.0,0.0,0.0,0.0,0.0,0.0,0.0,0.0,0.0,0.0,0.0,0.0,0.0,0.0,0.0,0.0,0.0,0.0,0.0,0.0,0.20584506149359708,0.0
2026-04-14,1888,Xerjoff,designer,USA,USD,290.0,248.2,100.0,2.482,4.5,,in_stock,https://www.amazon.com/s?k=Xerjoff+1888,https://www.fragrantica.com/perfume/Xerjoff/1888-21616.html,,4.18,2330,unisex,Oriental Floral,"warm spicy, woody, amber, floral, aromatic, yellow floral, fresh spicy, leather, powdery, rose","Perfumers, Perfumers","Carnation, Pepper, Coriander, Saffron","Ylang-Ylang, Rose, Neroli","Amber, Sandalwood, Patchouli, Birch",1100,759,212,200,32,456,178,958,945,630,809,niche,0.4637429439861051,0.8072079895788102,fall,11,,2,2,0.0,0.0,0.0,0.0,0.0,0.0,0.0,0.0,0.0,0.0,0.0,1.0,0.0,0.0,0.0,0.0,0.0,0.0,0.0,0.0,0.3820051984277926,0.06717654927734318
2026-04-14,Pour Femme Dylan Blue,Versace,designer,USA,USD,127.14,108.82,100.0,1.0882,5.0,,in_stock,https://www.amazon.com/s?k=Versace+Pour+Femme+Dylan+Blue,https://www.fragrantica.com/perfume/Versace/Versace-Pour-Femme-Dylan-Blue-47459.html,,3.78,5986,female,Floral Fruity,"fruity, floral, green, rose, fresh, woody, sweet, musky","Perfumers, Perfumers, Calice Becker, Natalie Gracia-Cetto","Granny Smith apple, Black Currant, Clover, Forget me not, Shiso","Peach, Petalia, Rose, Rose Hip, Jasmine","Musk, White Woods, Patchouli, Styrax",1600,2600,831,887,107,2100,2000,957,647,2200,855,designer,0.24780082987551869,0.6970954356846473,spring,14,,0,1,0.0,0.0,0.0,0.0,0.0,0.0,0.0,0.0,0.0,1.0,0.0,0.0,0.0,0.0,0.0,0.0,0.0,0.0,0.0,0.0,0.16110371497400788,0.17349579783057548
2026-04-14,Bright Crystal,Versace,designer,USA,USD,50.65,43.35,100.0,0.4335,4.4,,in_stock,https://www.amazon.com/s?k=Versace+Bright+Crystal,https://www.fragrantica.com/perfume/Versace/Bright-Crystal-632.html,,3.74,23674,female,Floral Fruity,"floral, citrus, fresh, woody, rose, fresh spicy, aquatic","Perfumers, Perfumers, Alberto Morillas","Yuzu, Pomegranate, Ice","Peony, Lotus, Magnolia","Musk, Mahogany, Amber",5800,11000,2200,4300,343,8600,7700,1700,1400,9500,1500,designer,0.2308082730617942,0.7105697246542317,spring,9,,0,1,0.0,0.0,0.0,0.0,0.0,0.0,0.0,0.0,0.0,1.0,0.0,0.0,0.0,0.0,0.0,0.0,0.0,0.0,0.0,0.0,0.05734119437048307,0.687876232297089
2026-04-14,1 Million,Paco Rabanne,designer,USA,USD,85.99,73.6,100.0,0.736,4.7,,in_stock,https://www.amazon.com/s?k=Paco+Rabanne+1+Million,https://www.fragrantica.com/perfume/Paco-Rabanne/1-Million-3747.html,,3.74,23413,male,Woody Spicy,"warm spicy, cinnamon, citrus, amber, woody, leather, rose, animalic, green, patchouli","Perfumers, Perfumers, Christophe Raynaud, Michel Girard, Olivier Pescheux","Blood Mandarin, Grapefruit, Mint","Cinnamon, Spicy Notes, Rose","Amber, Leather, Woody Notes, Indian Patchouli",7400,8600,2000,4600,751,3600,2100,8500,10000,4100,10200,designer,0.2847415528242902,0.6851954948396214,winter,10,,1,1,0.0,0.0,0.0,0.0,0.0,0.0,0.0,0.0,0.0,0.0,0.0,0.0,0.0,0.0,0.0,0.0,0.0,0.0,0.0,1.0,0.1052840116647648,0.6802861546514671
2026-04-14,Invictus,Rabanne,designer,USA,USD,157.0,134.37,100.0,1.3437,4.6,,in_stock,https://www.amazon.com/s?k=Rabanne+Invictus,https://www.fragrantica.com/perfume/Rabanne/Invictus-18471.html,,3.8,14484,male,Woody Aquatic,"citrus, marine, aromatic, fresh spicy, woody, salty, amber, white floral, aquatic, animalic","Perfumers, Perfumers, Anne Flipo, Dominique Ropion, Olivier Polge, Véronique Nyberg","Sea Notes, Grapefruit, Mandarin Orange","Bay Leaf, Jasmine","Ambergris, Guaiac Wood, Oakmoss, Patchouli",4400,5900,1500,2300,407,6300,7000,3000,1600,6800,3000,designer,0.27524643275660027,0.7100020679671882,summer,9,,1,1,0.0,0.0,0.0,0.0,0.0,0.0,0.0,0.0,0.0,0.0,0.0,0.0,0.0,0.0,0.0,0.0,1.0,0.0,0.0,0.0,0.201597565614302,0.4206240730508622
2026-04-14,Acqua di Gio,Giorgio Armani,designer,USA,USD,120.0,102.7,100.0,1.027,1.0,,in_stock,https://www.amazon.com/s?k=Giorgio+Armani+Acqua+di+Gio,https://www.fragrantica.com/perfume/Giorgio-Armani/Acqua-di-Gio-410.html,,4.13,24147,unisex,Aromatic Aquatic,"citrus, aromatic, marine, fresh spicy, floral, woody, fresh","Perfumers, Perfumers, Alberto Morillas, Annick Menardo, Christian Dussoulier","Lime, Lemon, Bergamot, Jasmine, Orange, Mandarin Orange, Neroli","Sea Notes, Jasmine, Calone, Rosemary, Peach, Freesia, Hiacynth, Cyclamen, Violet, Coriander, Rose, Nutmeg, Mignonette","White Musk, Cedar, Oakmoss, Patchouli, Amber",9600,10400,1800,2000,256,9100,13100,2500,1300,12200,2700,designer,0.38842700365813104,0.8313934153641503,summer,24,,2,1,0.0,0.0,1.0,0.0,0.0,0.0,0.0,0.0,0.0,0.0,0.0,0.0,0.0,0.0,0.0,0.0,0.0,0.0,0.0,0.0,0.15140420945860275,0.7016314304824498
2026-04-14,My Way,Giorgio Armani,designer,USA,USD,,,100.0,,4.5,,unavailable,https://www.amazon.com/s?k=Giorgio+Armani+My+Way,https://www.fragrantica.com/perfume/Giorgio-Armani/My-Way-62036.html,,3.78,12964,female,Floral,"white floral, tuberose, citrus, animalic, vanilla","Perfumers, Perfumers, Bruno Jovanovic, Carlos Benaïm","Orange Blossom, Bergamot","Tuberose, Indian Jasmine","Madagascar Vanilla, White Musk, Virginian Cedar",4300,4300,2000,1700,596,5100,3600,2600,1800,5000,2000,designer,0.2872208436724566,0.6668734491315137,spring,7,,0,1,0.0,0.0,0.0,0.0,0.0,0.0,0.0,1.0,0.0,0.0,0.0,0.0,0.0,0.0,0.0,0.0,0.0,0.0,0.0,0.0,0.16295166769996278,0.37642132201122513
2026-04-14,La Nuit de l'Homme,Yves Saint Laurent,designer,USA,USD,73.58,62.97,100.0,0.6297,4.7,,in_stock,https://www.amazon.com/s?k=Yves+Saint+Laurent+La+Nuit+de+L+Homme,https://www.fragrantica.com/perfume/Yves-Saint-Laurent/La-Nuit-de-L-Homme-5521.html,,4.45,23860,male,Woody Spicy,"aromatic, warm spicy, lavender, woody, fresh spicy, citrus","Perfumers, Perfumers, Anne Flipo, Dominique Ropion, Pierre Wargnye",Cardamom,"Lavender, Virginia Cedar, Bergamot","Vetiver, Caraway",14500,7000,1100,1100,154,6700,3000,11000,10800,4700,12000,designer,0.6014085687934938,0.9013163410748721,fall,6,,1,1,0.0,0.0,0.0,0.0,0.0,0.0,0.0,0.0,0.0,0.0,0.0,0.0,0.0,0.0,0.0,0.0,0.0,0.0,0.0,1.0,0.08843666793457589,0.6932852531479919
2026-04-14,Black Opium,Yves Saint Laurent,designer,USA,USD,122.5,104.84,100.0,1.0484,4.7,,in_stock,https://www.amazon.com/s?k=Yves+Saint+Laurent+Black+Opium,https://www.fragrantica.com/perfume/Yves-Saint-Laurent/Black-Opium-25324.html,,3.94,33428,female,Oriental Vanilla,"vanilla, coffee, sweet, white floral, warm spicy, soft spicy, woody, fruity, balsamic, powdery","Perfumers, Perfumers, Honorine Blanc, Marie Salamagne, Nathalie Lorson, Olivier Cresp","Pear, Pink Pepper, Orange Blossom","Coffee, Jasmine, Bitter Almond, Licorice","Vanilla, Patchouli, Cashmere Wood, Cedar",13000,11800,3200,4400,956,3200,2100,11600,13400,5200,13700,designer,0.36107446936083465,0.7434944237918215,winter,11,,0,1,0.0,0.0,0.0,0.0,0.0,0.0,0.0,0.0,0.0,0.0,0.0,0.0,0.0,0.0,1.0,0.0,0.0,0.0,0.0,0.0,0.1547958666159503,0.9715299386396021
2026-04-14,Good Girl,Carolina Herrera,designer,USA,USD,110.95,94.96,100.0,0.9496,4.7,,in_stock,https://www.amazon.com/s?k=Carolina+Herrera+Good+Girl,https://www.fragrantica.com/perfume/Carolina-Herrera/Good-Girl-39681.html,,3.95,24221,female,Oriental Floral,"sweet, white floral, warm spicy, vanilla, amber, cacao, woody, tuberose, almond, powdery","Perfumers, Perfumers, Louise Turner, Quentin Bisch","Almond, Coffee, Bergamot, Lemon","Tuberose, Jasmine Sambac, Orange Blossom, Bulgarian Rose, Orris","Tonka Bean, Cacao, Vanilla, Praline, Sandalwood, Musk, Amber, Cashmere Wood, Patchouli, Cinnamon, Cedar",9800,8000,2600,3200,688,3600,2100,8300,9000,4000,10100,designer,0.37516469038208167,0.7328722002635046,winter,20,,0,1,0.0,0.0,0.0,0.0,0.0,0.0,0.0,0.0,0.0,0.0,0.0,1.0,0.0,0.0,0.0,0.0,0.0,0.0,0.0,0.0,0.13913718777735515,0.7037834065199058
2026-04-14,Vintage Radio,Lattafa,arabic,USA,USD,30.5,26.1,100.0,0.261,4.6,,in_stock,https://www.amazon.com/s?k=Lattafa+Vintage+Radio,https://www.fragrantica.com/perfume/Lattafa-Perfumes/Vintage-Radio-89454.html,,4.31,3589,unisex,Oriental Woody,"woody, fruity, aromatic, fresh spicy, citrus, lavender, sweet, herbal, warm spicy, powdery","Perfumers, Perfumers","Lavender, Sage, Bergamot","Plum, Palo Santo, Black Pepper","Sandalwood, Oud",2000,971,330,201,65,2000,836,2200,2000,1800,1900,arabic,0.5424726661059714,0.8329128118867396,fall,8,,2,0,0.0,0.0,0.0,0.0,0.0,0.0,0.0,0.0,0.0,0.0,0.0,0.0,0.0,0.0,0.0,1.0,0.0,0.0,0.0,0.0,0.030001901863826553,0.10378922267135836
2026-04-14,Hawas for Him,Rasasi,arabic,USA,USD,32.0,27.39,100.0,0.2739,4.2,,in_stock,https://www.amazon.com/s?k=Rasasi+Hawas+for+Him,https://www.fragrantica.com/perfume/Rasasi/Hawas-for-Him-46890.html,,4.32,10058,male,Aromatic Aquatic,"fruity, citrus, aquatic, fresh, warm spicy, amber, sweet, musky, aromatic, animalic","Perfumers, Perfumers","Apple, Bergamot, Lemon, Cinnamon","Watery Notes, Plum, Orange Blossom, Cardamon","Ambergris, Musk, Patchouli, Driftwood",5400,3100,919,408,172,6400,7500,2800,1400,6700,3100,arabic,0.5228522852285229,0.8500850085008501,summer,12,,1,0,0.0,0.0,1.0,0.0,0.0,0.0,0.0,0.0,0.0,0.0,0.0,0.0,0.0,0.0,0.0,0.0,0.0,0.0,0.0,0.0,0.03204640547736781,0.29191264140518214
2026-04-14,La Yuqawam Homme,Rasasi,arabic,USA,USD,32.99,28.24,75.0,0.3765,4.3,,in_stock,https://www.amazon.com/s?k=Rasasi+La+Yuqawam+Homme,https://www.fragrantica.com/perfume/Rasasi/La-Yuqawam-Homme-19668.html,,4.4,3860,male,Oriental,"leather, fruity, sweet, animalic, amber, woody, musky, warm spicy, smoky","Perfumers, Perfumers","Raspberry, Saffron, Thyme","Olibanum, Jasmine, Artemisia","Leather, Suede, Woody Notes, Amber",2400,971,200,223,66,780,261,2100,2200,1100,2000,arabic,0.6046632124352331,0.8733160621761658,winter,10,,1,0,0.0,0.0,0.0,0.0,0.0,0.0,0.0,0.0,0.0,0.0,1.0,0.0,0.0,0.0,0.0,0.0,0.0,0.0,0.0,0.0,0.04830734119437048,0.11167010788960945
2026-04-14,Qasamat Mohraf,Rasasi,arabic,USA,USD,26.0,22.25,100.0,0.2225,4.4,,in_stock,https://www.amazon.com/s?k=Rasasi+Qasamat+Mohraf,https://www.fragrantica.com/perfume/Rasasi/Qasamat-Mohraf-Oud-Moattar-62547.html,,4.14,84,unisex,"fragrance for women and men. Qasamat Mohraf Oud Moattar was launched in 2020. Top notes are Raspberry, Lemon and Bergamot; middle notes are Rose, Geranium, Jasmine, White Flowers and Lily-of-the-Valley; base notes are Agarwood (Oud), Patchouli, Guaiac Wood, Amber, Vanilla, Sandalwood and Musk. ""Qasamat, is a series of four unisex","rose, woody, oud, white floral, powdery, fresh spicy, patchouli, warm spicy, fruity, sweet","Perfumers, Perfumers","Raspberry, Lemon, Bergamot","Rose, Geranium, Jasmine, White Flowers, Lily-of-the-Valley","Agarwood (Oud), Patchouli, Guaiac Wood, Amber, Vanilla, Sandalwood, Musk",47,17,8,9,3,33,12,39,37,30,39,arabic,0.5238095238095238,0.7619047619047619,fall,15,,2,0,0.0,0.0,0.0,0.0,0.0,0.0,0.0,0.0,0.0,0.0,0.0,0.0,0.0,0.0,0.0,0.0,0.0,0.0,0.0,0.0,0.02390008875364524,0.0018611684648268238
2026-04-14,Hawas Ice,Rasasi,arabic,USA,USD,32.0,27.39,100.0,0.2739,4.2,,in_stock,https://www.amazon.com/s?k=Rasasi+Hawas+Ice,https://www.fragrantica.com/perfume/Rasasi/Hawas-Ice-89050.html,,4.43,5739,male,Aromatic,"fruity, citrus, sweet, fresh, aromatic, musky, powdery, fresh spicy, green, white floral","Perfumers, Perfumers","Apple, Italian Lemon, Sicilian Bergamot, Star Anise","Plum, Orange Blossom, Cardamon","Musk, Amber, Driftwood, Moss",3500,1500,401,168,105,3800,4300,2100,1000,3900,1800,arabic,0.5983433204088826,0.8812125484666902,summer,11,,1,0,0.0,1.0,0.0,0.0,0.0,0.0,0.0,0.0,0.0,0.0,0.0,0.0,0.0,0.0,0.0,0.0,0.0,0.0,0.0,0.0,0.03204640547736781,0.16631285078663446
2026-04-14,Egra Men,Rasasi,arabic,USA,USD,29.4,25.16,100.0,0.2516,4.2,,in_stock,https://www.amazon.com/s?k=Rasasi+Egra+Men,https://www.fragrantica.com/perfume/Rasasi/Egra-Men-19678.html,,4.01,610,male,Woody Aromatic,"woody, aromatic, fresh spicy, green, ozonic, powdery, amber, aquatic, iris, citrus","Perfumers, Perfumers","Violet Leaf, Juniper Berries, Spruce, Grapefruit","Fir, Iris, Galbanum","Ambergris, Oakmoss, Sandalwood, Musk",215,267,64,50,14,354,345,203,72,343,122,arabic,0.3295081967213115,0.7901639344262295,spring,11,,1,0,0.0,0.0,0.0,0.0,0.0,0.0,0.0,0.0,0.0,0.0,0.0,0.0,0.0,0.0,0.0,0.0,0.0,1.0,0.0,0.0,0.028512108533029035,0.017157646785122285
2026-04-14,Hawas Black,Rasasi,arabic,USA,USD,32.0,27.39,100.0,0.2739,4.2,,in_stock,https://www.amazon.com/s?k=Rasasi+Hawas+Black,https://www.fragrantica.com/perfume/Rasasi/Hawas-Black-96817.html,,4.26,2645,male,Aromatic Fruity,"woody, citrus, mossy, earthy, fresh spicy, fruity, patchouli, sweet, aromatic","Perfumers, Perfumers","Bergamot, Grapefruit, Pineapple","Patchouli, Cedarwood, Jasmine","Oakmoss, Woody Notes, Amber",1500,629,253,144,100,1600,1500,1600,1400,1600,1500,arabic,0.5331302361005331,0.8107387661843107,spring,9,,1,0,0.0,0.0,0.0,0.0,1.0,0.0,0.0,0.0,0.0,0.0,0.0,0.0,0.0,0.0,0.0,0.0,0.0,0.0,0.0,0.0,0.03204640547736781,0.07633698781516271
2026-04-14,Hawas Elixir,Rasasi,arabic,USA,USD,45.5,38.94,100.0,0.3894,4.4,,in_stock,https://www.amazon.com/s?k=Rasasi+Hawas+Elixir,https://www.fragrantica.com/perfume/Rasasi/Hawas-Elixir-110808.html,,4.54,987,unisex,Oriental Vanilla,"vanilla, aromatic, green, sweet, fresh spicy, warm spicy, amber, chocolate, lavender, powdery","Perfumers, Perfumers","Mint, Bergamot, Artemisia","Dark Chocolate, Lavender, Benzoin","Vanilla, Tonka Bean, White Musk",660,238,57,21,11,312,86,619,747,279,664,arabic,0.6575481256332321,0.9098277608915907,winter,9,,2,0,0.0,0.0,0.0,0.0,0.0,0.0,0.0,0.0,0.0,0.0,0.0,0.0,0.0,0.0,1.0,0.0,0.0,0.0,0.0,0.0,0.05035184480791176,0.028121092273242793
2026-04-14,Hawas Viper,Rasasi,arabic,USA,USD,32.0,27.39,100.0,0.2739,4.2,,in_stock,https://www.amazon.com/s?k=Rasasi+Hawas+Viper,https://www.fragrantica.com/perfume/Rasasi/Hawas-Viper-113594.html,,3.71,139,male,Oriental,"warm spicy, aromatic, tobacco, sweet, green, cannabis, coffee, fruity, herbal, musky","Perfumers, Perfumers","Saffron, cannabis, Thyme, Green Notes, Davana","Tobacco, Coffee, Cinnamon, Violet, Raspberry","Gurjan balsam, Musk, Tonka",74,18,7,12,28,32,13,58,83,29,66,arabic,0.33093525179856115,0.6618705035971223,winter,13,,1,0,0.0,0.0,0.0,0.0,0.0,0.0,0.0,0.0,0.0,0.0,1.0,0.0,0.0,0.0,0.0,0.0,0.0,0.0,0.0,0.0,0.03204640547736781,0.003460610114287376
2026-04-14,Royal Blend Bourbon,French Avenue,arabic,USA,USD,48.5,41.51,100.0,0.4151,4.1,,in_stock,https://www.amazon.com/s?k=French+Avenue+Royal+Blend+Bourbon,https://www.fragrantica.com/perfume/French-Avenue/Royal-Blend-Bourbon-103478.html,,3.69,214,unisex,Aromatic,"woody, warm spicy, aromatic, cinnamon, green, fresh spicy, balsamic, amber","Perfumers, Perfumers","Cinnamon, Peppermint, Bark, Basil","Bourbon Whiskey, Lavender","Oak, Peru Balsam",76,64,25,29,20,39,10,104,114,42,98,arabic,0.2616822429906542,0.6542056074766355,winter,8,,2,0,0.0,1.0,0.0,0.0,0.0,0.0,0.0,0.0,0.0,0.0,0.0,0.0,0.0,0.0,0.0,0.0,0.0,0.0,0.0,0.0,0.05442500316977304,0.00564166690900631
2026-04-14,Vulcan Feu,French Avenue,arabic,USA,USD,40.89,35.0,100.0,0.35,4.5,,in_stock,https://www.amazon.com/s?k=French+Avenue+Vulcan+Feu,https://www.fragrantica.com/perfume/French-Avenue/Vulcan-Feu-105520.html,,4.45,4272,unisex,Floral,"tropical, fruity, sweet, citrus, woody, fresh, fresh spicy, aromatic, amber, terpenic","Perfumers, Perfumers","Mango, Lemon, Ginger, Rhubarb","Pink Pepper, Jasmine, Violet, Praline","Tonka Bean, Cedarwood, Ambergris, Moss",2800,891,304,162,87,2600,3200,853,361,2800,1000,arabic,0.6392554194156456,0.8696983977379831,summer,12,,2,0,0.0,0.0,0.0,0.0,0.0,0.0,0.0,1.0,0.0,0.0,0.0,0.0,0.0,0.0,0.0,0.0,0.0,0.0,0.0,0.0,0.04410739191073919,0.12365137988193212
2026-04-14,Veneno,French Avenue,arabic,USA,USD,49.99,42.78,100.0,0.4278,4.4,,in_stock,https://www.amazon.com/s?k=French+Avenue+Veneno,https://www.fragrantica.com/perfume/French-Avenue/Veneno-105519.html,,4.19,460,unisex,Aromatic Fruity,"smoky, fruity, cinnamon, tobacco, warm spicy, vanilla, sweet, fresh, green, mossy","Perfumers, Perfumers, Jean-Louis Sieuzac","Apple, Smoke, Cinnamon","Tobacco, Moss","Bourbon Vanilla, Orcanox™",242,130,39,32,17,95,33,262,291,85,259,arabic,0.4891304347826087,0.808695652173913,winter,7,,2,0,0.0,0.0,0.0,0.0,1.0,0.0,0.0,0.0,0.0,0.0,0.0,0.0,0.0,0.0,0.0,0.0,0.0,0.0,0.0,0.0,0.05643780905287181,0.012795533195684416
2026-04-14,Club de Nuit Intense Man,Armaf,arabic,USA,USD,76.99,65.89,100.0,0.6589,4.5,,in_stock,https://www.amazon.com/s?k=Armaf+Club+de+Nuit+Intense+Man,https://www.fragrantica.com/perfume/Armaf/Club-de-Nuit-Intense-Man-34696.html,,4.09,26371,male,Woody Spicy,"citrus, fruity, leather, smoky, woody, aromatic, sweet, fresh, musky","Perfumers, Perfumers","Lemon, Pineapple, Bergamot, Black Currant, Apple","Birch, Jasmine, Rose","Musk, Ambergris, Patchouli, Vanilla",12200,8400,2700,2000,1000,14800,14300,12900,8700,14700,12900,arabic,0.42585551330798477,0.7832699619771863,spring,12,,1,0,0.0,0.0,0.0,0.0,0.0,0.0,0.0,0.0,0.0,0.0,0.0,0.0,0.0,0.0,0.0,0.0,0.0,0.0,0.0,1.0,0.09306453657918093,0.7663070346351819
2026-04-14,Club de Nuit Intense,Armaf,arabic,USA,USD,26.62,22.78,100.0,0.2278,4.3,,in_stock,https://www.amazon.com/s?k=Armaf+Club+de+Nuit+Intense,https://www.fragrantica.com/perfume/Armaf/Club-de-Nuit-Intense-27656.html,,4.11,3341,female,Chypre Floral,"rose, fresh spicy, warm spicy, patchouli, oud, vanilla, woody, floral, amber, powdery","Perfumers, Perfumers","Rose, Saffron, Geranium","Nutmeg, Pepper, Violet, Caraway","Patchouli, Agarwood (Oud), Vanilla, Amber",1500,1100,252,331,84,600,257,1500,1500,726,1500,arabic,0.43342516069788795,0.7958371594735231,fall,11,,0,0,0.0,0.0,0.0,0.0,0.0,0.0,0.0,0.0,0.0,0.0,0.0,0.0,0.0,0.0,0.0,0.0,0.0,0.0,0.0,0.0,0.0247400786103715,0.09657719487015441
2026-04-14,Club de Nuit Milestone,Armaf,arabic,USA,USD,34.2,29.27,100.0,0.2927,4.5,,in_stock,https://www.amazon.com/s?k=Armaf+Club+de+Nuit+Milestone,https://www.fragrantica.com/perfume/Armaf/Club-de-Nuit-Milestone-64104.html,,3.94,4520,unisex,Woody Floral Musk,"marine, aromatic, woody, powdery, musky, fruity, violet, citrus, amber, salty","Perfumers, Perfumers","Sea Notes, Red Fruits, Bergamot","Violet, White Woods, Sandalwood","Musk, Ambroxan, Vetiver",1900,1400,618,391,241,2600,2900,988,390,2700,933,arabic,0.3646153846153846,0.7252747252747253,summer,9,,2,0,0.0,0.0,0.0,0.0,0.0,0.0,0.0,0.0,0.0,0.0,0.0,0.0,0.0,0.0,0.0,0.0,0.0,0.0,1.0,0.0,0.03502599213896285,0.13086340768313606
2026-04-14,Tres Nuit,Armaf,arabic,USA,USD,22.22,19.02,100.0,0.1902,4.5,,in_stock,https://www.amazon.com/s?k=Armaf+Tres+Nuit,https://www.fragrantica.com/perfume/Armaf/Tres-Nuit-27711.html,,4.13,3324,male,Aromatic Spicy,"powdery, violet, lavender, woody, iris, citrus, amber, aromatic, floral, animalic","Perfumers, Perfumers","Iris, Lemon, Vervain","Lavender, Violet, Spicy Notes","Ambergris, Sandalwood",1400,1300,322,267,47,1900,1800,1000,295,1900,698,arabic,0.4055755395683453,0.8093525179856115,spring,8,,1,0,0.0,0.0,0.0,0.0,0.0,1.0,0.0,0.0,0.0,0.0,0.0,0.0,0.0,0.0,0.0,0.0,0.0,0.0,0.0,0.0,0.01878090528718144,0.09608282199668479
2026-04-14,Hunter Intense,Armaf,arabic,USA,USD,25.29,21.64,100.0,0.2164,4.4,,in_stock,https://www.amazon.com/s?k=Armaf+Hunter+Intense,https://www.fragrantica.com/perfume/Armaf/Hunter-Intense-50327.html,,4.26,1148,male,Woody Aromatic,"citrus, fresh spicy, aromatic, lavender, warm spicy","Perfumers, Perfumers","Bergamot, Pomelo, Mandarin Orange, Lemon","Lavender, Geranium, Ylang Ylang, Tuberose","Black Pepper, Cardamom",551,423,106,53,15,678,688,575,260,698,522,arabic,0.46689895470383275,0.8484320557491289,summer,10,,1,0,0.0,0.0,0.0,0.0,0.0,0.0,0.0,0.0,0.0,0.0,0.0,0.0,0.0,0.0,0.0,0.0,0.0,1.0,0.0,0.0,0.02293330797514898,0.032803094192572775
2026-04-14,Legesi Homme,Armaf,arabic,USA,USD,26.13,22.36,100.0,0.2236,4.4,,in_stock,https://www.amazon.com/s?k=Armaf+Legesi+Homme,https://www.fragrantica.com/perfume/Armaf/Legesi-Homme-52265.html,,4.37,931,male,Woody Aromatic,"aromatic, woody, lavender, fresh spicy, herbal, powdery, musky, green","Perfumers, Perfumers","Lavender, Rosemary, Petitgrain","Sage, Jasmine, Galbanum, Rose","Sandalwood, Musk, Cedar, Oakmoss",523,284,77,36,11,608,577,528,222,601,299,arabic,0.5499462943071965,0.8668098818474759,spring,11,,1,0,0.0,0.0,0.0,0.0,0.0,0.0,0.0,0.0,0.0,0.0,0.0,0.0,0.0,0.0,0.0,0.0,0.0,1.0,0.0,0.0,0.024074426271078985,0.026492569866519322
2026-04-14,Amber Oud Gold Edition,Al Haramain,arabic,USA,USD,43.21,36.98,100.0,0.3698,4.2,,in_stock,https://www.amazon.com/s?k=Al+Haramain+Amber+Oud+Gold,https://www.fragrantica.com/perfume/Al-Haramain-Perfumes/Amber-Oud-Gold-Edition-51816.html,,4.27,5217,unisex,Oriental Vanilla,"sweet, fruity, ozonic, powdery, vanilla, musky, fresh, amber, aquatic, citrus","Perfumers, Perfumers","Bergamot, Green Notes","Melon, Pineapple, Amber, Gourmand Accord","Vanilla, Musk, Woody Notes",2900,1400,447,294,158,2800,2500,2600,2300,2800,2500,arabic,0.5274091171379112,0.8270821311790729,spring,9,,2,0,0.0,0.0,0.0,0.0,0.0,0.0,0.0,0.0,0.0,0.0,0.0,0.0,0.0,0.0,1.0,0.0,0.0,0.0,0.0,0.0,0.04724546722454673,0.15113269549539068
2026-04-14,L'Aventure,Al Haramain,arabic,USA,USD,30.87,26.42,100.0,0.2642,4.3,,in_stock,https://www.amazon.com/s?k=Al+Haramain+L+Aventure,https://www.fragrantica.com/perfume/Al-Haramain-Perfumes/L-Aventure-40405.html,,4.17,2693,male,Chypre Fruity,"citrus, aromatic, woody, musky, fresh spicy, white floral, powdery","Perfumers, Perfumers","Lemon, Bergamot, elemi","Woody Notes, Jasmine, Lily-of-the-Valley","Musk, Patchouli, Amber",1300,942,243,197,53,1500,1500,1100,548,1500,926,arabic,0.45594149908592324,0.819744058500914,spring,9,,1,0,0.0,0.0,0.0,0.0,0.0,0.0,1.0,0.0,0.0,0.0,0.0,0.0,0.0,0.0,0.0,0.0,0.0,0.0,0.0,0.0,0.030509065550906555,0.07773286416378282
2026-04-14,L'Aventure Knight,Al Haramain,arabic,USA,USD,30.87,26.42,100.0,0.2642,4.3,,in_stock,https://www.amazon.com/s?k=Al+Haramain+L+Aventure+Knight,https://www.fragrantica.com/perfume/Al-Haramain-Perfumes/L-Aventure-Knight-51824.html,,3.99,866,male,Oriental Fougere,"powdery, citrus, ozonic, iris, woody, amber, green, musky, aquatic, animalic","Perfumers, Perfumers","Lemon Verbena, Bergamot, Tea","Violet Leaf, Iris","Powdery Notes, Ambergris, Musk, Sandalwood",352,299,102,82,31,528,475,344,133,509,270,arabic,0.37066974595842955,0.7517321016166282,spring,9,,1,0,0.0,0.0,0.0,0.0,0.0,0.0,0.0,0.0,0.0,0.0,0.0,0.0,1.0,0.0,0.0,0.0,0.0,0.0,0.0,0.0,0.030509065550906555,0.02460232064442958
2026-04-14,Detour Noir,Al Haramain,arabic,USA,USD,25.99,22.24,100.0,0.2224,4.2,,in_stock,https://www.amazon.com/s?k=Al+Haramain+Detour+Noir,https://www.fragrantica.com/perfume/Al-Haramain-Perfumes/D-tour-Noir-70748.html,,4.29,4802,unisex,Oriental Spicy,"vanilla, woody, warm spicy, fresh spicy, powdery, aromatic, fruity, lavender, fresh, citrus","Perfumers, Perfumers","Apple, Lavender, Jasmine, Violet","Vanilla, Patchouli, Bergamot, Mandarin Orange","Sandalwood, Cardamom, Pepper, Guaiac Wood, Geranium",2700,1300,448,226,119,2600,892,3100,3100,2500,2900,arabic,0.538493636553307,0.8345503859795536,fall,13,,2,0,0.0,0.0,0.0,0.0,0.0,0.0,0.0,0.0,0.0,0.0,0.0,0.0,0.0,1.0,0.0,0.0,0.0,0.0,0.0,0.0,0.023884239888423985,0.13906418123127925
2026-04-14,Supremacy Silver,Afnan,arabic,USA,USD,34.99,29.95,100.0,0.2995,4.2,,in_stock,https://www.amazon.com/s?k=Afnan+Supremacy+Silver,https://www.fragrantica.com/perfume/Afnan/Supremacy-Silver-27352.html,,4.06,2257,male,Woody Floral Musk,"fruity, leather, woody, sweet, smoky, citrus, musky, mossy, tropical, fresh","Perfumers, Perfumers, Imran Fazlani","Pineapple, Black Currant, Bergamot, Apple","Birch, Patchouli, Moroccan Jasmine, Rose","Musk, Oakmoss, Ambergris, Vanilla",956,797,247,198,59,1200,1100,962,464,1200,752,arabic,0.39743021710234827,0.7766947275143996,spring,12,,1,0,0.0,0.0,0.0,0.0,0.0,0.0,0.0,0.0,0.0,0.0,0.0,0.0,0.0,0.0,0.0,0.0,0.0,0.0,1.0,0.0,0.036103714974007856,0.06505365399715009
2026-04-14,Supremacy Gold,Afnan,arabic,USA,USD,34.99,29.95,100.0,0.2995,4.2,,in_stock,https://www.amazon.com/s?k=Afnan+Supremacy+Gold,https://www.fragrantica.com/perfume/Afnan/Supremacy-Gold-27351.html,,3.83,248,unisex,Oriental,"amber, powdery, fresh spicy, floral, violet, vanilla, iris, oud, warm spicy, woody","Perfumers, Perfumers","Nutmeg, Violet, Peach Blossom, Cumin","Iris, Patchouli","Amber, Vanilla, Agarwood (Oud), Benzoin",87,80,40,33,8,96,49,121,105,82,98,arabic,0.3185483870967742,0.6733870967741935,fall,10,,2,0,0.0,0.0,0.0,0.0,0.0,0.0,0.0,0.0,0.0,0.0,1.0,0.0,0.0,0.0,0.0,0.0,0.0,0.0,0.0,0.0,0.036103714974007856,0.0066304126559455605
2026-04-14,Black Afgano,Nasomatto,designer,UAE,AED,459.75,107.14,30.0,3.5713,4.4,,in_stock,https://www.amazon.ae/s?k=Nasomatto+Black+Afgano+30ml,https://www.fragrantica.com/perfume/Nasomatto/Black-Afgano-6472.html,,4.06,12067,unisex,Woody Aromatic,"amber, smoky, woody, oud, cannabis, balsamic, green, aromatic, warm spicy, tobacco","Perfumers, Perfumers, Alessandro Gualtieri","cannabis, Green Notes, Davana, Saffron, Thyme","Resins, Woodsy Notes, Tobacco, Coffee, Cinnamon, Violet, Raspberry","Agarwood (Oud), Incense, Amber, Animal notes, Guaiac Wood, Musk, Tonka, Cedar, Gurjan balsam, Ambroxan, Vanilla",5900,3400,888,1400,516,1500,855,4400,5000,1800,4800,niche,0.4448116325181758,0.7683410442828817,winter,23,,2,2,0.0,0.0,0.0,0.0,0.0,0.0,0.0,0.0,0.0,0.0,0.0,0.0,0.0,0.0,0.0,0.0,0.0,1.0,0.0,0.0,0.5546468872828705,0.35033588274638666
2026-04-14,Baraonda,Nasomatto,designer,UAE,AED,821.45,191.44,30.0,6.3813,4.7,,in_stock,https://www.amazon.ae/s?k=Nasomatto+Baraonda+30ml,https://www.fragrantica.com/perfume/Nasomatto/Baraonda-40200.html,,4.42,5818,unisex,Oriental Woody,"woody, whiskey, musky, rose, floral, amber, warm spicy","Perfumers, Perfumers, Alessandro Gualtieri","Whiskey, Woody Notes, Ambrette (Musk Mallow), Rose, Ambroxan, Musk",,,3600,1500,363,310,65,997,471,2600,2500,1100,2300,niche,0.605515587529976,0.8735868448098664,fall,6,,2,2,0.0,0.0,0.0,0.0,0.0,0.0,0.0,0.0,0.0,0.0,0.0,0.0,0.0,0.0,0.0,1.0,0.0,0.0,0.0,0.0,1.0,0.1686102306104051
2026-04-14,Bleu de Chanel,Chanel,designer,UAE,AED,939.0,218.83,100.0,2.1883,2.6,,in_stock,https://www.amazon.ae/s?k=Chanel+Bleu+de+Chanel+100ml,https://www.fragrantica.com/perfume/Chanel/Bleu-de-Chanel-9099.html,,4.18,20400,male,Woody Aromatic,"citrus, woody, fresh spicy, aromatic, amber, smoky, balsamic, warm spicy, green, fresh","Perfumers, Perfumers, Jacques Polge","Grapefruit, Lemon, Mint, Pink Pepper","Ginger, Nutmeg, Jasmine, Iso E Super","Incense, Cedar, Vetiver, Sandalwood, Patchouli, Labdanum, White Musk",9700,7300,1200,2000,215,8500,7800,7200,5000,8600,7500,designer,0.46460935586578495,0.8327210384521185,spring,15,,1,1,0.0,0.0,0.0,0.0,0.0,0.0,0.0,0.0,0.0,0.0,0.0,0.0,0.0,0.0,0.0,0.0,0.0,1.0,0.0,0.0,0.33545708127298085,0.5926658330182918
2026-04-14,Allure Homme Sport,Chanel,designer,UAE,AED,509.0,118.62,100.0,1.1862,4.2,,in_stock,https://www.amazon.ae/s?k=Chanel+Allure+Homme+Sport+100ml,https://www.fragrantica.com/perfume/Chanel/Allure-Homme-Sport-607.html,,4.26,15010,male,Woody Spicy,"citrus, aromatic, vanilla, aldehydic, marine, sweet, fresh spicy, fresh, amber, powdery","Perfumers, Perfumers, Jacques Polge","Orange, Sea Notes, Aldehydes, Blood Mandarin","Pepper, Neroli, Cedar","Vanilla, Tonka Bean, White Musk, Amber, Vetiver, Elemi resin",7500,5400,835,1200,118,6200,7000,2900,1400,7000,2400,designer,0.4904005846010762,0.8569720321530592,summer,13,,1,1,0.0,0.0,0.0,0.0,0.0,0.0,0.0,0.0,0.0,0.0,0.0,0.0,0.0,0.0,0.0,0.0,0.0,0.0,0.0,1.0,0.17663560289083302,0.43592055137115765
2026-04-14,Coco Mademoiselle,Chanel,designer,UAE,AED,649.0,151.25,100.0,1.5125,4.5,,in_stock,https://www.amazon.ae/s?k=Chanel+Coco+Mademoiselle+100ml,https://www.fragrantica.com/perfume/Chanel/Coco-Mademoiselle-611.html,,4.11,32623,female,Oriental Floral,"citrus, woody, patchouli, sweet, white floral, rose, earthy, vanilla, warm spicy, yellow floral","Perfumers, Perfumers, Jacques Polge","Orange, Mandarin Orange, Bergamot, Orange Blossom","Turkish Rose, Jasmine, Mimosa, Ylang-Ylang","Patchouli, White Musk, Vanilla, Vetiver, Tonka Bean, Opoponax",14800,11500,1800,4000,506,9100,5100,8500,7400,10600,7200,designer,0.43838557320738514,0.8066000122676807,spring,14,,0,1,0.0,0.0,0.0,0.0,0.0,0.0,0.0,0.0,0.0,0.0,0.0,1.0,0.0,0.0,0.0,0.0,0.0,0.0,0.0,0.0,0.22835045010777227,0.9481199290429523
2026-04-14,Chanel No 5 Eau Premiere,Chanel,designer,UAE,AED,556.99,129.81,100.0,1.2981,,,in_stock,https://www.amazon.ae/s?k=Chanel+No+5+Eau+Premiere+100ml,https://www.fragrantica.com/perfume/Chanel/Chanel-N-5-Eau-Premiere-1360.html,,4.21,6177,female,Floral Aldehyde,"woody, aldehydic, fresh, white floral, yellow floral, vanilla, sweet, rose, floral, powdery","Perfumers, Perfumers, Jacques Polge","Aldehydes, Ylang-Ylang, Neroli","Jasmine, Tincture of Rose","Vanille, Sandalwood, Vetyver",2900,2400,72,752,12,1400,820,1100,891,1700,851,designer,0.4706649282920469,0.863754889178618,spring,8,,0,1,0.0,0.0,0.0,0.0,0.0,0.0,0.0,0.0,1.0,0.0,0.0,0.0,0.0,0.0,0.0,0.0,0.0,0.0,0.0,0.0,0.19437048307341195,0.17905022246779304
2026-04-14,Black Orchid,Tom Ford,designer,UAE,AED,389.0,90.66,100.0,0.9066,4.4,,in_stock,https://www.amazon.ae/s?k=Tom+Ford+Black+Orchid+100ml,https://www.fragrantica.com/perfume/Tom-Ford/Black-Orchid-1018.html,,3.89,31376,female,Oriental Floral,"warm spicy, earthy, woody, sweet, amber, patchouli, floral, chocolate, powdery, balsamic","Perfumers, Perfumers, David Apel, Pierre Negrin","Truffle, Gardenia, Black Currant, Ylang-Ylang, Jasmine, Bergamot, Mandarin Orange, Amalfi Lemon","Orchid, Spices, Gardenia, Fruity Notes, Ylang-Ylang, Jasmine, Lotus","Mexican chocolate, Patchouli, Vanille, Incense, Amber, Sandalwood, Vetiver, White Musk",13700,8900,1900,5400,1500,3000,1700,10000,12000,3600,12300,niche,0.3885350318471338,0.7197452229299363,winter,20,,0,2,0.0,0.0,0.0,0.0,0.0,0.0,0.0,0.0,0.0,0.0,0.0,1.0,0.0,0.0,0.0,0.0,0.0,0.0,0.0,0.0,0.13232217573221758,0.9118562247360922
2026-04-14,Tobacco Vanille,Tom Ford,designer,UAE,AED,750.5,174.9,50.0,3.498,4.4,,in_stock,https://www.amazon.ae/s?k=Tom+Ford+Tobacco+Vanille+100ml,https://www.fragrantica.com/perfume/Tom-Ford/Tobacco-Vanille-1825.html,,4.19,29838,unisex,Oriental Spicy,"vanilla, sweet, tobacco, warm spicy, fruity, woody, cacao, powdery","Perfumers, Perfumers, Olivier Gillotin","Tobacco Leaf, Spicy Notes","Vanilla, Cacao, Tonka Bean, Tobacco Blossom","Dried Fruits, Woody Notes",16200,7800,2000,2900,953,2500,1600,11700,14300,5100,12300,niche,0.5107359394365726,0.803939302582655,winter,8,,2,2,0.0,0.0,0.0,0.0,0.0,0.0,0.0,0.0,0.0,0.0,0.0,0.0,0.0,1.0,0.0,0.0,0.0,0.0,0.0,0.0,0.5430296690756942,0.8671300200657225
2026-04-14,1888,Xerjoff,designer,UAE,AED,649.0,151.25,100.0,1.5125,3.5,,in_stock,https://www.amazon.ae/s?k=Xerjoff+1888+100ml,https://www.fragrantica.com/perfume/Xerjoff/1888-21616.html,,4.18,2330,unisex,Oriental Floral,"warm spicy, woody, amber, floral, aromatic, yellow floral, fresh spicy, leather, powdery, rose","Perfumers, Perfumers","Carnation, Pepper, Coriander, Saffron","Ylang-Ylang, Rose, Neroli","Amber, Sandalwood, Patchouli, Birch",1100,759,212,200,32,456,178,958,945,630,809,niche,0.4637429439861051,0.8072079895788102,fall,11,,2,2,0.0,0.0,0.0,0.0,0.0,0.0,0.0,0.0,0.0,0.0,0.0,1.0,0.0,0.0,0.0,0.0,0.0,0.0,0.0,0.0,0.22835045010777227,0.06717654927734318
2026-04-14,Fiero,Xerjoff,designer,UAE,AED,498.25,116.12,100.0,1.1612,3.1,,in_stock,https://www.amazon.ae/s?k=Xerjoff+Fiero+100ml,https://www.fragrantica.com/perfume/Xerjoff/Fiero-11802.html,,4.21,1524,male,Aromatic Spicy,"citrus, aromatic, fresh spicy, woody, green","Perfumers, Perfumers, Chris Maurice","Amalfi Lemon, Lemongrass, Bergamot, Blood Orange","Mint, Neroli, Tarragon, Thyme","Vetiver, Patchouli, Nutmeg, Sandalwood, Coumarin",739,524,127,115,19,713,795,247,65,737,175,niche,0.47244094488188976,0.8287401574803149,summer,13,,1,2,0.0,0.0,0.0,0.0,0.0,1.0,0.0,0.0,0.0,0.0,0.0,0.0,0.0,0.0,0.0,0.0,0.0,0.0,0.0,0.0,0.17267338658552048,0.04373745892343037
2026-04-14,Eros,Versace,designer,UAE,AED,207.0,48.24,100.0,0.4824,4.6,,in_stock,https://www.amazon.ae/s?k=Versace+Eros+100ml,https://www.fragrantica.com/perfume/Versace/Eros-16657.html,,4.07,28922,male,Aromatic Fougere,"vanilla, aromatic, green, fresh spicy, amber, fruity, citrus, woody, sweet, fresh","Perfumers, Perfumers, Aurélien Guichard","Mint, Green Apple, Lemon","Tonka Bean, Ambroxan, Geranium","Madagascar Vanilla, Virginian Cedar, Atlas Cedar, Vetiver, Oakmoss",11900,11000,2700,2700,633,12800,10200,12100,11700,11100,13800,designer,0.38941692876646045,0.791483772854526,spring,11,,1,1,0.0,0.0,0.0,1.0,0.0,0.0,0.0,0.0,0.0,0.0,0.0,0.0,0.0,0.0,0.0,0.0,0.0,0.0,0.0,0.0,0.06509128946367439,0.8404920464128885
2026-04-14,Pour Femme Dylan Blue,Versace,designer,UAE,AED,200.0,46.61,100.0,0.4661,4.7,,in_stock,https://www.amazon.ae/s?k=Versace+Pour+Femme+Dylan+Blue+100ml,https://www.fragrantica.com/perfume/Versace/Versace-Pour-Femme-Dylan-Blue-47459.html,,3.78,5986,female,Floral Fruity,"fruity, floral, green, rose, fresh, woody, sweet, musky","Perfumers, Perfumers, Calice Becker, Natalie Gracia-Cetto","Granny Smith apple, Black Currant, Clover, Forget me not, Shiso","Peach, Petalia, Rose, Rose Hip, Jasmine","Musk, White Woods, Patchouli, Styrax",1600,2600,831,887,107,2100,2000,957,647,2200,855,designer,0.24780082987551869,0.6970954356846473,spring,14,,0,1,0.0,0.0,0.0,0.0,0.0,0.0,0.0,0.0,0.0,1.0,0.0,0.0,0.0,0.0,0.0,0.0,0.0,0.0,0.0,0.0,0.06250792443261062,0.17349579783057548
2026-04-14,Bright Crystal,Versace,designer,UAE,AED,180.75,42.12,90.0,0.468,4.7,,in_stock,https://www.amazon.ae/s?k=Versace+Bright+Crystal+90ml,https://www.fragrantica.com/perfume/Versace/Bright-Crystal-632.html,,3.74,23674,female,Floral Fruity,"floral, citrus, fresh, woody, rose, fresh spicy, aquatic","Perfumers, Perfumers, Alberto Morillas","Yuzu, Pomegranate, Ice","Peony, Lotus, Magnolia","Musk, Mahogany, Amber",5800,11000,2200,4300,343,8600,7700,1700,1400,9500,1500,designer,0.2308082730617942,0.7105697246542317,spring,9,,0,1,0.0,0.0,0.0,0.0,0.0,0.0,0.0,0.0,0.0,1.0,0.0,0.0,0.0,0.0,0.0,0.0,0.0,0.0,0.0,0.0,0.06280905287181437,0.687876232297089
2026-04-14,1 Million,Paco Rabanne,designer,UAE,AED,320.0,74.58,100.0,0.7458,4.6,,in_stock,https://www.amazon.ae/s?k=Paco+Rabanne+1+Million+100ml,https://www.fragrantica.com/perfume/Paco-Rabanne/1-Million-3747.html,,3.74,23413,male,Woody Spicy,"warm spicy, cinnamon, citrus, amber, woody, leather, rose, animalic, green, patchouli","Perfumers, Perfumers, Christophe Raynaud, Michel Girard, Olivier Pescheux","Blood Mandarin, Grapefruit, Mint","Cinnamon, Spicy Notes, Rose","Amber, Leather, Woody Notes, Indian Patchouli",7400,8600,2000,4600,751,3600,2100,8500,10000,4100,10200,designer,0.2847415528242902,0.6851954948396214,winter,10,,1,1,0.0,0.0,0.0,0.0,0.0,0.0,0.0,0.0,0.0,0.0,0.0,0.0,0.0,0.0,0.0,0.0,0.0,0.0,0.0,1.0,0.10683720045644732,0.6802861546514671
2026-04-14,Invictus,Rabanne,designer,UAE,AED,289.0,67.35,100.0,0.6735,4.7,,in_stock,https://www.amazon.ae/s?k=Rabanne+Invictus+100ml,https://www.fragrantica.com/perfume/Rabanne/Invictus-18471.html,,3.8,14484,male,Woody Aquatic,"citrus, marine, aromatic, fresh spicy, woody, salty, amber, white floral, aquatic, animalic","Perfumers, Perfumers, Anne Flipo, Dominique Ropion, Olivier Polge, Véronique Nyberg","Sea Notes, Grapefruit, Mandarin Orange","Bay Leaf, Jasmine","Ambergris, Guaiac Wood, Oakmoss, Patchouli",4400,5900,1500,2300,407,6300,7000,3000,1600,6800,3000,designer,0.27524643275660027,0.7100020679671882,summer,9,,1,1,0.0,0.0,0.0,0.0,0.0,0.0,0.0,0.0,0.0,0.0,0.0,0.0,0.0,0.0,0.0,0.0,1.0,0.0,0.0,0.0,0.09537847090148345,0.4206240730508622
2026-04-14,Phantom Parfum,Rabanne,designer,UAE,AED,247.48,57.67,100.0,0.5767,4.8,,in_stock,https://www.amazon.ae/s?k=Rabanne+Phantom+Parfum+100ml,https://www.fragrantica.com/perfume/Rabanne/Phantom-Parfum-81927.html,,3.91,2108,male,Aromatic,"aromatic, vanilla, warm spicy, citrus, lavender, woody, powdery, fresh spicy, sweet, green","Perfumers, Perfumers, Anne Flipo, Dominique Ropion, Juliette Karagueuzoglou","Cardamom, Bergamot, Rhubarb, Lemon","Lavender, Cedarwood, Patchouli, Geranium","Vanilla, Tolu Balsam, Haitian Vetiver",809,701,320,160,118,783,293,1100,1100,613,1000,designer,0.3277988614800759,0.7163187855787476,fall,11,,1,1,0.0,1.0,0.0,0.0,0.0,0.0,0.0,0.0,0.0,0.0,0.0,0.0,0.0,0.0,0.0,0.0,0.0,0.0,0.0,0.0,0.0800367693673133,0.06072062116497513
2026-04-14,Acqua di Gio,Giorgio Armani,designer,UAE,AED,215.0,50.11,100.0,0.5011,4.6,,in_stock,https://www.amazon.ae/s?k=Giorgio+Armani+Acqua+di+Gio+100ml,https://www.fragrantica.com/perfume/Giorgio-Armani/Acqua-di-Gio-410.html,,4.13,24147,unisex,Aromatic Aquatic,"citrus, aromatic, marine, fresh spicy, floral, woody, fresh","Perfumers, Perfumers, Alberto Morillas, Annick Menardo, Christian Dussoulier","Lime, Lemon, Bergamot, Jasmine, Orange, Mandarin Orange, Neroli","Sea Notes, Jasmine, Calone, Rosemary, Peach, Freesia, Hiacynth, Cyclamen, Violet, Coriander, Rose, Nutmeg, Mignonette","White Musk, Cedar, Oakmoss, Patchouli, Amber",9600,10400,1800,2000,256,9100,13100,2500,1300,12200,2700,designer,0.38842700365813104,0.8313934153641503,summer,24,,2,1,0.0,0.0,1.0,0.0,0.0,0.0,0.0,0.0,0.0,0.0,0.0,0.0,0.0,0.0,0.0,0.0,0.0,0.0,0.0,0.0,0.06805502726004817,0.7016314304824498
2026-04-14,Armani Code Parfum,Giorgio Armani,designer,UAE,AED,328.3,76.51,100.0,0.7651,4.6,,in_stock,https://www.amazon.ae/s?k=Giorgio+Armani+Armani+Code+Parfum+100ml,https://www.fragrantica.com/perfume/Giorgio-Armani/Armani-Code-Parfum-75126.html,,4.41,6331,male,Woody Aromatic,"iris, aromatic, powdery, woody, citrus, vanilla, earthy, aldehydic, violet, fresh spicy","Perfumers, Perfumers, Antoine Maisondieu","Bergamot, Bergamot Leaf","Iris, Aldehydes, Clary Sage, Orris","Tonka Bean, Cedar",3800,1700,589,190,72,3600,2100,3900,3700,3300,3600,designer,0.5869941741458038,0.8660053534876397,fall,8,,1,1,0.0,0.0,0.0,0.0,0.0,0.0,0.0,0.0,0.0,0.0,0.0,0.0,0.0,0.0,0.0,0.0,0.0,1.0,0.0,0.0,0.1098960314441486,0.18352865908628258
2026-04-14,Si,Giorgio Armani,designer,UAE,AED,328.3,76.51,100.0,0.7651,4.6,,in_stock,https://www.amazon.ae/s?k=Giorgio+Armani+Si+100ml,https://www.fragrantica.com/perfume/Giorgio-Armani/Si-18453.html,,3.84,19463,female,Chypre Fruity,"woody, vanilla, aromatic, soft spicy, fruity, green, floral, rose, patchouli, earthy","Perfumers, Perfumers, Christine Nagel",Cassis,"May Rose, Freesia","Vanilla, Patchouli, Woody Notes, Ambroxan",6700,7300,1500,3700,343,3400,1900,6000,5100,5400,4600,designer,0.3252827099217111,0.7163690323901141,fall,7,,0,1,0.0,0.0,0.0,0.0,0.0,0.0,1.0,0.0,0.0,0.0,0.0,0.0,0.0,0.0,0.0,0.0,0.0,0.0,0.0,0.0,0.1098960314441486,0.5654171634629366
2026-04-14,My Way,Giorgio Armani,designer,UAE,AED,319.0,74.34,90.0,0.826,4.6,,in_stock,https://www.amazon.ae/s?k=Giorgio+Armani+My+Way+90ml,https://www.fragrantica.com/perfume/Giorgio-Armani/My-Way-62036.html,,3.78,12964,female,Floral,"white floral, tuberose, citrus, animalic, vanilla","Perfumers, Perfumers, Bruno Jovanovic, Carlos Benaïm","Orange Blossom, Bergamot","Tuberose, Indian Jasmine","Madagascar Vanilla, White Musk, Virginian Cedar",4300,4300,2000,1700,596,5100,3600,2600,1800,5000,2000,designer,0.2872208436724566,0.6668734491315137,spring,7,,0,1,0.0,0.0,0.0,0.0,0.0,0.0,0.0,1.0,0.0,0.0,0.0,0.0,0.0,0.0,0.0,0.0,0.0,0.0,0.0,0.0,0.11954799036388992,0.37642132201122513
2026-04-14,La Nuit de l'Homme,Yves Saint Laurent,designer,UAE,AED,382.77,89.2,100.0,0.892,5.0,,in_stock,https://www.amazon.ae/s?k=Yves+Saint+Laurent+La+Nuit+de+L+Homme+100ml,https://www.fragrantica.com/perfume/Yves-Saint-Laurent/La-Nuit-de-L-Homme-5521.html,,4.45,23860,male,Woody Spicy,"aromatic, warm spicy, lavender, woody, fresh spicy, citrus","Perfumers, Perfumers, Anne Flipo, Dominique Ropion, Pierre Wargnye",Cardamom,"Lavender, Virginia Cedar, Bergamot","Vetiver, Caraway",14500,7000,1100,1100,154,6700,3000,11000,10800,4700,12000,designer,0.6014085687934938,0.9013163410748721,fall,6,,1,1,0.0,0.0,0.0,0.0,0.0,0.0,0.0,0.0,0.0,0.0,0.0,0.0,0.0,0.0,0.0,0.0,0.0,0.0,0.0,1.0,0.13000824140991507,0.6932852531479919
2026-04-14,Black Opium,Yves Saint Laurent,designer,UAE,AED,490.75,114.37,90.0,1.2708,5.0,,in_stock,https://www.amazon.ae/s?k=Yves+Saint+Laurent+Black+Opium+90ml,https://www.fragrantica.com/perfume/Yves-Saint-Laurent/Black-Opium-25324.html,,3.94,33428,female,Oriental Vanilla,"vanilla, coffee, sweet, white floral, warm spicy, soft spicy, woody, fruity, balsamic, powdery","Perfumers, Perfumers, Honorine Blanc, Marie Salamagne, Nathalie Lorson, Olivier Cresp","Pear, Pink Pepper, Orange Blossom","Coffee, Jasmine, Bitter Almond, Licorice","Vanilla, Patchouli, Cashmere Wood, Cedar",13000,11800,3200,4400,956,3200,2100,11600,13400,5200,13700,designer,0.36107446936083465,0.7434944237918215,winter,11,,0,1,0.0,0.0,0.0,0.0,0.0,0.0,0.0,0.0,0.0,0.0,0.0,0.0,0.0,0.0,1.0,0.0,0.0,0.0,0.0,0.0,0.19004374286801065,0.9715299386396021
2026-04-14,La Vie Est Belle,Lancome,designer,UAE,AED,449.0,104.64,100.0,1.0464,4.7,,in_stock,https://www.amazon.ae/s?k=Lancome+La+Vie+Est+Belle+100ml,https://www.fragrantica.com/perfume/Lanc-me/La-Vie-Est-Belle-14982.html,,3.65,34407,female,Floral Fruity Gourmand,"sweet, vanilla, fruity, patchouli, woody, white floral, powdery, iris, earthy, warm spicy","Perfumers, Perfumers, Anne Flipo, Dominique Ropion, Olivier Polge","Black Currant, Pear","Iris, Jasmine, Orange Blossom","Praline, Vanilla, Patchouli, Tonka Bean",11200,10900,2800,8100,1500,5900,3300,9100,10600,9100,9200,designer,0.2811594202898551,0.6405797101449275,winter,9,,0,1,0.0,0.0,0.0,0.0,0.0,0.0,0.0,0.0,0.0,0.0,0.0,0.0,0.0,0.0,0.0,0.0,0.0,0.0,0.0,0.0,0.15447888931152529,1.0
2026-04-14,Pegasus,Parfums de Marly,designer,UAE,AED,830.5,193.55,100.0,1.9355,2.4,,in_stock,https://www.amazon.ae/s?k=Parfums+de+Marly+Pegasus+125ml,https://www.fragrantica.com/perfume/Parfums-de-Marly/Pegasus-16938.html,,4.08,6314,male,Oriental Fougere,"almond, vanilla, powdery, nutty, sweet, lavender, fruity, woody, floral, fresh spicy","Perfumers, Perfumers, Hamid Merati-Kashani","Heliotrope, Cumin, Bergamot, Pink Pepper","Bitter Almond, Lavender, Jasmine","Vanilla, Sandalwood, Amber, Musk, Cedar",3000,1800,690,625,181,2400,800,3100,3000,2600,2700,niche,0.4477445997458704,0.7623888182973316,fall,12,,1,2,0.0,0.0,0.0,0.0,0.0,0.0,0.0,0.0,0.0,0.0,0.0,0.0,1.0,0.0,0.0,0.0,0.0,0.0,0.0,0.0,0.29539114999366045,0.18303428621281295
2026-04-14,Yara,Lattafa,arabic,UAE,AED,98.0,22.84,100.0,0.2284,5.0,,in_stock,https://www.amazon.ae/s?k=Lattafa+Yara+100ml,https://www.fragrantica.com/perfume/Lattafa-Perfumes/Yara-76880.html,,3.97,10841,female,Oriental Vanilla,"sweet, vanilla, powdery, tropical, fruity, musky, floral, citrus","Perfumers, Perfumers","Orchid, Heliotrope, Tangerine","Gourmand Accord, Tropical Fruits","Vanilla, Musk, Sandalwood",4000,4000,1700,830,324,4800,3800,2600,2400,5100,1600,arabic,0.3386769854431546,0.7370554634236226,spring,8,,0,0,0.0,0.0,0.0,0.0,0.0,0.0,0.0,0.0,0.0,0.0,0.0,0.0,0.0,0.0,1.0,0.0,0.0,0.0,0.0,0.0,0.024835171801699,0.31468287434204784
2026-04-14,Yara Moi,Lattafa,arabic,UAE,AED,224.99,52.43,100.0,0.5243,4.5,,in_stock,https://www.amazon.ae/s?k=Lattafa+Yara+Moi+100ml,https://www.fragrantica.com/perfume/Lattafa-Perfumes/Yara-Moi-80722.html,,3.64,2121,female,,"woody, white floral, patchouli, warm spicy, caramel, powdery, fruity, amber, sweet, balsamic","Perfumers, Perfumers","Jasmine, Peach","Caramel, Amber","Patchouli, Sandalwood",566,745,400,307,103,796,535,711,532,858,444,arabic,0.2182932578972183,0.6181046676096181,spring,6,,0,0,1.0,0.0,0.0,0.0,0.0,0.0,0.0,0.0,0.0,0.0,0.0,0.0,0.0,0.0,0.0,0.0,0.0,0.0,0.0,0.0,0.07173196399137821,0.061098671009393084
2026-04-14,Raghba,Lattafa,arabic,UAE,AED,156.07,36.37,100.0,0.3637,,,in_stock,https://www.amazon.ae/s?k=Lattafa+Raghba+100ml,https://www.fragrantica.com/perfume/Lattafa-Perfumes/Raghba-25807.html,,3.88,4148,unisex,Oriental Vanilla,"vanilla, sweet, oud, amber, powdery, balsamic, smoky, woody, warm spicy, musky","Perfumers, Perfumers","Vanilla, Sugar, Agarwood (Oud), Incense, Sandalwood, Musk",,,1500,1500,451,466,209,506,298,1800,2000,952,1700,arabic,0.3128938439166263,0.7270964614638875,winter,6,,2,0,0.0,0.0,0.0,0.0,0.0,0.0,0.0,0.0,0.0,0.0,0.0,0.0,0.0,0.0,1.0,0.0,0.0,0.0,0.0,0.0,0.04627868644605046,0.12004536598133014
2026-04-14,Badee Al Oud Amethyst,Lattafa,arabic,UAE,AED,99.0,23.07,100.0,0.2307,,,in_stock,https://www.amazon.ae/s?k=Lattafa+Badee+Al+Oud+Amethyst+100ml,https://www.fragrantica.com/perfume/Lattafa-Perfumes/Bade-e-Al-Oud-Amethyst-68214.html,,4.04,3725,unisex,Oriental Vanilla,"rose, oud, amber, soft spicy, floral, vanilla, citrus, fresh spicy, white floral","Perfumers, Perfumers","Pink Pepper, Bergamot","Turkish Rose, Bulgarian Rose, Jasmine","Agarwood (Oud), Amber, Vanilla",1700,1100,483,296,157,1200,502,2000,2200,1100,2100,arabic,0.4130085653104925,0.7494646680942184,winter,8,,2,0,0.0,0.0,0.0,0.0,0.0,0.0,0.0,0.0,0.0,0.0,0.0,0.0,0.0,0.0,1.0,0.0,0.0,0.0,0.0,0.0,0.02519969570178775,0.10774420565911536
2026-04-14,Fakhar Black,Lattafa,arabic,UAE,AED,88.0,20.51,100.0,0.2051,,,in_stock,https://www.amazon.ae/s?k=Lattafa+Fakhar+Black+100ml,https://www.fragrantica.com/perfume/Lattafa-Perfumes/Fakhar-Black-70465.html,,4.23,7033,male,Oriental,"aromatic, fresh spicy, woody, fruity, fresh, citrus, lavender, green, amber, herbal","Perfumers, Perfumers","Apple, Bergamot, Ginger","Lavender, Sage, Juniper Berries, Geranium","Tonka Bean, Cedar, Amberwood, Vetiver",3200,2700,771,264,101,4800,4800,3400,1600,4700,2900,arabic,0.4404491188175099,0.8385446276293349,spring,11,,1,0,0.0,0.0,0.0,0.0,0.0,0.0,0.0,0.0,0.0,0.0,1.0,0.0,0.0,0.0,0.0,0.0,0.0,0.0,0.0,0.0,0.021142386205147714,0.2039433506848518
2026-04-14,Raghba Wood Intense,Lattafa,arabic,UAE,AED,156.07,36.37,100.0,0.3637,,,in_stock,https://www.amazon.ae/s?k=Lattafa+Raghba+Wood+Intense+100ml,https://www.fragrantica.com/perfume/Lattafa-Perfumes/Raghba-Wood-Intense-28713.html,,4.1,2049,male,Oriental Woody,"woody, amber, sweet, balsamic, smoky, caramel, vanilla, oud, powdery, soft spicy","Perfumers, Perfumers","Caramel, Licorice, Guaiac Wood, Cedar","Agarwood (Oud), Sugar, Sandalwood, Cashmere Wood","Incense, Vanilla, Amber, Oakmoss, Musk",953,652,209,161,74,322,102,1100,1300,479,1100,arabic,0.4289897510980966,0.7833089311859444,winter,13,,1,0,0.0,0.0,0.0,0.0,0.0,0.0,0.0,0.0,0.0,0.0,0.0,0.0,0.0,0.0,0.0,1.0,0.0,0.0,0.0,0.0,0.04627868644605046,0.059004856486462906
2026-04-14,Hawas for Him,Rasasi,arabic,UAE,AED,97.0,22.61,100.0,0.2261,4.3,,in_stock,https://www.amazon.ae/s?k=Rasasi+Hawas+for+Him+100ml,https://www.fragrantica.com/perfume/Rasasi/Hawas-for-Him-46890.html,,4.32,10058,male,Aromatic Aquatic,"fruity, citrus, aquatic, fresh, warm spicy, amber, sweet, musky, aromatic, animalic","Perfumers, Perfumers","Apple, Bergamot, Lemon, Cinnamon","Watery Notes, Plum, Orange Blossom, Cardamon","Ambergris, Musk, Patchouli, Driftwood",5400,3100,919,408,172,6400,7500,2800,1400,6700,3100,arabic,0.5228522852285229,0.8500850085008501,summer,12,,1,0,0.0,0.0,1.0,0.0,0.0,0.0,0.0,0.0,0.0,0.0,0.0,0.0,0.0,0.0,0.0,0.0,0.0,0.0,0.0,0.0,0.02447064790161024,0.29191264140518214
2026-04-14,Hawas Black,Rasasi,arabic,UAE,AED,97.0,22.61,100.0,0.2261,4.3,,in_stock,https://www.amazon.ae/s?k=Rasasi+Hawas+Black+100ml,https://www.fragrantica.com/perfume/Rasasi/Hawas-Black-96817.html,,4.26,2645,male,Aromatic Fruity,"woody, citrus, mossy, earthy, fresh spicy, fruity, patchouli, sweet, aromatic","Perfumers, Perfumers","Bergamot, Grapefruit, Pineapple","Patchouli, Cedarwood, Jasmine","Oakmoss, Woody Notes, Amber",1500,629,253,144,100,1600,1500,1600,1400,1600,1500,arabic,0.5331302361005331,0.8107387661843107,spring,9,,1,0,0.0,0.0,0.0,0.0,1.0,0.0,0.0,0.0,0.0,0.0,0.0,0.0,0.0,0.0,0.0,0.0,0.0,0.0,0.0,0.0,0.02447064790161024,0.07633698781516271
2026-04-14,Royal Blend Bourbon,French Avenue,arabic,UAE,AED,127.0,29.6,100.0,0.296,4.0,,in_stock,https://www.amazon.ae/s?k=French+Avenue+Royal+Blend+Bourbon+100ml,https://www.fragrantica.com/perfume/French-Avenue/Royal-Blend-Bourbon-103478.html,,3.69,214,unisex,Aromatic,"woody, warm spicy, aromatic, cinnamon, green, fresh spicy, balsamic, amber","Perfumers, Perfumers","Cinnamon, Peppermint, Bark, Basil","Bourbon Whiskey, Lavender","Oak, Peru Balsam",76,64,25,29,20,39,10,104,114,42,98,arabic,0.2616822429906542,0.6542056074766355,winter,8,,2,0,0.0,1.0,0.0,0.0,0.0,0.0,0.0,0.0,0.0,0.0,0.0,0.0,0.0,0.0,0.0,0.0,0.0,0.0,0.0,0.0,0.0355490046912641,0.00564166690900631
2026-04-14,Azzure Oud,French Avenue,arabic,UAE,AED,148.0,34.49,100.0,0.3449,4.1,,in_stock,https://www.amazon.ae/s?k=French+Avenue+Azzure+Oud+100ml,https://www.fragrantica.com/perfume/French-Avenue/Azzure-Oud-94714.html,,3.83,1412,male,Oriental,"fruity, oud, leather, sweet, woody, tropical, amber, warm spicy, animalic, fresh","Perfumers, Perfumers","Passionfruit, Fruity Notes, Rose, Saffron","Oud, Benzoin, Patchouli","Leather, Amber, Guaiac Wood, Cedarwood, Sandalwood, Vanilla, Labdanum",643,337,134,144,154,433,166,761,947,415,817,arabic,0.34631728045325777,0.6940509915014165,winter,14,,1,0,0.0,0.0,0.0,0.0,0.0,0.0,0.0,0.0,0.0,0.0,1.0,0.0,0.0,0.0,0.0,0.0,0.0,0.0,0.0,0.0,0.043299099784455425,0.040480414109983424
2026-04-14,Vulcan Feu,French Avenue,arabic,UAE,AED,148.85,34.69,100.0,0.3469,4.5,,in_stock,https://www.amazon.ae/s?k=French+Avenue+Vulcan+Feu+100ml,https://www.fragrantica.com/perfume/French-Avenue/Vulcan-Feu-105520.html,,4.45,4272,unisex,Floral,"tropical, fruity, sweet, citrus, woody, fresh, fresh spicy, aromatic, amber, terpenic","Perfumers, Perfumers","Mango, Lemon, Ginger, Rhubarb","Pink Pepper, Jasmine, Violet, Praline","Tonka Bean, Cedarwood, Ambergris, Moss",2800,891,304,162,87,2600,3200,853,361,2800,1000,arabic,0.6392554194156456,0.8696983977379831,summer,12,,2,0,0.0,0.0,0.0,0.0,0.0,0.0,0.0,1.0,0.0,0.0,0.0,0.0,0.0,0.0,0.0,0.0,0.0,0.0,0.0,0.0,0.043616077088880434,0.12365137988193212
2026-04-14,Veneno,French Avenue,arabic,UAE,AED,180.0,41.95,100.0,0.4195,4.2,,in_stock,https://www.amazon.ae/s?k=French+Avenue+Veneno+100ml,https://www.fragrantica.com/perfume/French-Avenue/Veneno-105519.html,,4.19,460,unisex,Aromatic Fruity,"smoky, fruity, cinnamon, tobacco, warm spicy, vanilla, sweet, fresh, green, mossy","Perfumers, Perfumers, Jean-Louis Sieuzac","Apple, Smoke, Cinnamon","Tobacco, Moss","Bourbon Vanilla, Orcanox™",242,130,39,32,17,95,33,262,291,85,259,arabic,0.4891304347826087,0.808695652173913,winter,7,,2,0,0.0,0.0,0.0,0.0,1.0,0.0,0.0,0.0,0.0,0.0,0.0,0.0,0.0,0.0,0.0,0.0,0.0,0.0,0.0,0.0,0.05512235323950804,0.012795533195684416
2026-04-14,Tres Nuit,Armaf,arabic,UAE,AED,75.0,17.48,100.0,0.1748,4.0,,in_stock,https://www.amazon.ae/s?k=Armaf+Tres+Nuit+100ml,https://www.fragrantica.com/perfume/Armaf/Tres-Nuit-27711.html,,4.13,3324,male,Aromatic Spicy,"powdery, violet, lavender, woody, iris, citrus, amber, aromatic, floral, animalic","Perfumers, Perfumers","Iris, Lemon, Vervain","Lavender, Violet, Spicy Notes","Ambergris, Sandalwood",1400,1300,322,267,47,1900,1800,1000,295,1900,698,arabic,0.4055755395683453,0.8093525179856115,spring,8,,1,0,0.0,0.0,0.0,0.0,0.0,1.0,0.0,0.0,0.0,0.0,0.0,0.0,0.0,0.0,0.0,0.0,0.0,0.0,0.0,0.0,0.016340180043108915,0.09608282199668479
2026-04-14,L'Aventure,Al Haramain,arabic,UAE,AED,250.0,58.26,100.0,0.5826,3.3,,in_stock,https://www.amazon.ae/s?k=Al+Haramain+L+Aventure+100ml,https://www.fragrantica.com/perfume/Al-Haramain-Perfumes/L-Aventure-40405.html,,4.17,2693,male,Chypre Fruity,"citrus, aromatic, woody, musky, fresh spicy, white floral, powdery","Perfumers, Perfumers","Lemon, Bergamot, elemi","Woody Notes, Jasmine, Lily-of-the-Valley","Musk, Patchouli, Amber",1300,942,243,197,53,1500,1500,1100,548,1500,926,arabic,0.45594149908592324,0.819744058500914,spring,9,,1,0,0.0,0.0,0.0,0.0,0.0,0.0,1.0,0.0,0.0,0.0,0.0,0.0,0.0,0.0,0.0,0.0,0.0,0.0,0.0,0.0,0.08097185241536706,0.07773286416378282
2026-04-14,L'Aventure Knight,Al Haramain,arabic,UAE,AED,250.0,58.26,100.0,0.5826,4.3,,in_stock,https://www.amazon.ae/s?k=Al+Haramain+L+Aventure+Knight+100ml,https://www.fragrantica.com/perfume/Al-Haramain-Perfumes/L-Aventure-Knight-51824.html,,3.99,866,male,Oriental Fougere,"powdery, citrus, ozonic, iris, woody, amber, green, musky, aquatic, animalic","Perfumers, Perfumers","Lemon Verbena, Bergamot, Tea","Violet Leaf, Iris","Powdery Notes, Ambergris, Musk, Sandalwood",352,299,102,82,31,528,475,344,133,509,270,arabic,0.37066974595842955,0.7517321016166282,spring,9,,1,0,0.0,0.0,0.0,0.0,0.0,0.0,0.0,0.0,0.0,0.0,0.0,0.0,1.0,0.0,0.0,0.0,0.0,0.0,0.0,0.0,0.08097185241536706,0.02460232064442958
2026-04-14,Supremacy Silver,Afnan,arabic,UAE,AED,111.0,25.87,100.0,0.2587,3.9,,in_stock,https://www.amazon.ae/s?k=Afnan+Supremacy+Silver+100ml,https://www.fragrantica.com/perfume/Afnan/Supremacy-Silver-27352.html,,4.06,2257,male,Woody Floral Musk,"fruity, leather, woody, sweet, smoky, citrus, musky, mossy, tropical, fresh","Perfumers, Perfumers, Imran Fazlani","Pineapple, Black Currant, Bergamot, Apple","Birch, Patchouli, Moroccan Jasmine, Rose","Musk, Oakmoss, Ambergris, Vanilla",956,797,247,198,59,1200,1100,962,464,1200,752,arabic,0.39743021710234827,0.7766947275143996,spring,12,,1,0,0.0,0.0,0.0,0.0,0.0,0.0,0.0,0.0,0.0,0.0,0.0,0.0,0.0,0.0,0.0,0.0,0.0,0.0,1.0,0.0,0.029637377963737794,0.06505365399715009
2026-04-14,Supremacy Gold,Afnan,arabic,UAE,AED,97.0,22.61,100.0,0.2261,5.0,,in_stock,https://www.amazon.ae/s?k=Afnan+Supremacy+Gold+100ml,https://www.fragrantica.com/perfume/Afnan/Supremacy-Gold-27351.html,,3.83,248,unisex,Oriental,"amber, powdery, fresh spicy, floral, violet, vanilla, iris, oud, warm spicy, woody","Perfumers, Perfumers","Nutmeg, Violet, Peach Blossom, Cumin","Iris, Patchouli","Amber, Vanilla, Agarwood (Oud), Benzoin",87,80,40,33,8,96,49,121,105,82,98,arabic,0.3185483870967742,0.6733870967741935,fall,10,,2,0,0.0,0.0,0.0,0.0,0.0,0.0,0.0,0.0,0.0,0.0,1.0,0.0,0.0,0.0,0.0,0.0,0.0,0.0,0.0,0.0,0.02447064790161024,0.0066304126559455605
2026-04-14,Saffron Oud,Arabian Oud,arabic,UAE,AED,102.0,23.77,100.0,0.2377,3.7,,in_stock,https://www.amazon.ae/s?k=Arabian+Oud+Saffron+Oud+100ml,https://www.fragrantica.com/perfume/Arabian-Oud/Saffron-Oud-91547.html,,4.7,79,unisex,,,"Perfumers, Perfumers",,,,59,17,2,1,0,30,16,40,49,28,46,arabic,0.7468354430379747,0.9620253164556962,winter,0,,2,0,1.0,0.0,0.0,0.0,0.0,0.0,0.0,0.0,0.0,0.0,0.0,0.0,0.0,0.0,0.0,0.0,0.0,0.0,0.0,0.0,0.02630911626727526,0.0017157646785122282
