scrape_date,name,brand,category,fragrantica_url,year,rating,votes,gender,fragrance_family,main_accords,perfumers,top_notes,middle_notes,base_notes,votes_love,votes_like,votes_ok,votes_dislike,votes_hate,season_spring,season_summer,season_fall,season_winter,wear_day,wear_night
2026-04-14,Sauvage,Dior,designer,https://www.fragrantica.com/perfume/Dior/Sauvage-31861.html,,3.86,31880,male,Aromatic Fougere,"fresh spicy, amber, citrus, aromatic, musky, woody, lavender, herbal, warm spicy","Perfumers, Perfumers, François Demachy","Calabrian bergamot, Pepper","Sichuan Pepper, Lavender, Pink Pepper, Vetiver, Patchouli, Geranium, elemi","Ambroxan, Cedar, Labdanum",12400,10300,3200,4300,1700,14200.0,13200.0,13200.0,9600.0,14100.0,12800.0
2026-04-14,Sauvage Elixir,Dior,designer,https://www.fragrantica.com/perfume/Dior/Sauvage-Elixir-68415.html,,4.31,17767,male,Aromatic,"warm spicy, fresh spicy, woody, aromatic, lavender, soft spicy, cinnamon, amber, powdery, balsamic","Perfumers, Perfumers, François Demachy","Nutmeg, Cinnamon, Cardamom, Grapefruit",Lavender,"Licorice, Sandalwood, Amber, Patchouli, Haitian Vetiver",11300,3400,1300,1000,807,5900.0,2400.0,10200.0,11600.0,5400.0,10500.0
2026-04-14,Sauvage EDP,Dior,designer,https://www.fragrantica.com/perfume/Dior/Sauvage-Eau-de-Parfum-48100.html,,4.21,13727,male,Oriental Fougere,"fresh spicy, citrus, amber, lavender, musky, aromatic, herbal, anis, soft spicy, floral","Perfumers, Perfumers, François Demachy",Bergamot,"Sichuan Pepper, Lavender, Star Anise, Nutmeg","Ambroxan, Vanilla",7100,4100,1100,994,371,7300.0,6000.0,7400.0,6800.0,6900.0,7300.0
2026-04-14,Oud Ispahan,Dior,designer,https://www.fragrantica.com/perfume/Dior/Oud-Ispahan-15231.html,,4.08,2578,unisex,Oriental Floral,"oud, rose, woody, warm spicy, amber, patchouli, balsamic, floral, powdery","Perfumers, Perfumers, François Demachy",Labdanum,"Rose, Patchouli, Saffron","Agarwood (Oud), Sandalwood, Cedar",1300,701,163,322,95,355.0,169.0,819.0,964.0,427.0,922.0
2026-04-14,Fahrenheit,Dior,designer,https://www.fragrantica.com/perfume/Dior/Fahrenheit-228.html,,4.0,22012,male,Aromatic Fougere,"leather, woody, ozonic, fresh spicy, aromatic, animalic, aquatic, floral, citrus, green","Perfumers, Perfumers, Jean-Louis Sieuzac, Maurice Roger, Michel Almairac","Nutmeg Flower, Lavender, Cedar, Mandarin Orange, Chamomile, Bergamot, Hawthorn, Lemon","Violet Leaf, Nutmeg, Cedar, Sandalwood, Carnation, Honeysuckle, Jasmine, Lily-of-the-Valley","Leather, Vetiver, Musk, Amber, Patchouli, Tonka Bean",10600,6100,984,3300,976,4400.0,2200.0,7900.0,8000.0,5500.0,7900.0
2026-04-14,Dior Homme Intense 2025,Dior,designer,https://www.fragrantica.com/perfume/Dior/Dior-Homme-Intense-2025-101596.html,,4.1,1803,male,Oriental Woody,"iris, woody, powdery, musky, violet, floral, earthy","Perfumers, Perfumers",Tuscan Iris,Ambrette,Virginia Cedar,1100,329,133,86,192,423.0,132.0,861.0,957.0,435.0,848.0
2026-04-14,Miss Dior EDP 2021,Dior,designer,https://www.fragrantica.com/perfume/Dior/Miss-Dior-Eau-de-Parfum-2021--68905.html,,3.89,6630,female,Oriental Floral,"powdery, vanilla, rose, floral, fruity, sweet, fresh, iris, musky, amber","Perfumers, Perfumers, François Demachy","Iris, Peony, Lily-of-the-Valley","Rose, Apricot, Peach","Vanilla, Musk, Tonka Bean, Sandalwood, Benzoin",2400,2200,1100,711,195,2700.0,1600.0,1600.0,1200.0,2600.0,1000.0
2026-04-14,J'adore,Dior,designer,https://www.fragrantica.com/perfume/Dior/J-adore-210.html,,3.8,28776,female,Floral Fruity,"white floral, floral, fruity, sweet, fresh, citrus, aquatic, powdery, ozonic, tuberose","Perfumers, Perfumers, Calice Becker","Pear, Melon, Magnolia, Peach, Mandarin Orange, Bergamot","Jasmine, Lily-of-the-Valley, Tuberose, Freesia, Rose, Orchid, Violet, Plum","Musk, Vanilla, Cedar, Blackberry",9000,11600,2000,5700,488,8100.0,4900.0,5800.0,4200.0,8700.0,5500.0
2026-04-14,Ambre Nuit,Dior,designer,https://www.fragrantica.com/perfume/Dior/Ambre-Nuit-48395.html,,4.38,2017,unisex,Oriental,"amber, rose, floral, animalic, powdery","Perfumers, Perfumers, François Demachy","Amber, Turkish Rose",,,1200,542,147,101,27,549.0,262.0,901.0,839.0,558.0,845.0
2026-04-14,Gris Dior,Dior,designer,https://www.fragrantica.com/perfume/Dior/Gris-Dior-48387.html,,4.21,3547,unisex,Floral,"woody, earthy, mossy, rose, patchouli, citrus, warm spicy, amber, powdery, floral","Perfumers, Perfumers, François Demachy","Oakmoss, Rose, Patchouli, Bergamot, Cedar, Amber, Sandalwood",,,1800,1100,381,201,95,1400.0,960.0,1400.0,1000.0,1400.0,1000.0
2026-04-14,Aventus,Creed,designer,https://www.fragrantica.com/perfume/Creed/Aventus-9828.html,,4.32,26304,male,Chypre Fruity,"fruity, sweet, woody, leather, citrus, smoky, musky, tropical, fresh, mossy","Perfumers, Perfumers, Erwin Creed, Jean-Christophe Hérault","Bergamot, Black Currant, Apple, Lemon, Pink Pepper","Pineapple, Patchouli, Moroccan Jasmine","Birch, Musk, oak moss, Cedarwood, Ambroxan",15500,6600,1900,1700,574,12100.0,12400.0,9300.0,5500.0,12400.0,8500.0
2026-04-14,Silver Mountain Water,Creed,designer,https://www.fragrantica.com/perfume/Creed/Silver-Mountain-Water-472.html,,4.16,10431,unisex,Aromatic,"citrus, green, fruity, musky, woody, aromatic, powdery, fresh spicy, fresh, floral","Perfumers, Perfumers, Olivier Creed, Pierre Bourdon","Bergamot, Mandarin Orange","Green Tea, Black Currant","Musk, Sandalwood, Petitgrain, Galbanum",5000,3400,987,918,158,4600.0,4600.0,1600.0,990.0,4600.0,1200.0
2026-04-14,Green Irish Tweed,Creed,designer,https://www.fragrantica.com/perfume/Creed/Green-Irish-Tweed-474.html,,4.3,11630,male,Woody Floral Musk,"ozonic, aquatic, iris, powdery, woody, amber, animalic, violet, balsamic, green","Perfumers, Perfumers, Olivier Creed, Pierre Bourdon","Iris, Vervain",Violet Leaf,"Ambergris, Sandalwood",6700,3100,763,973,171,5700.0,4800.0,3500.0,1400.0,5500.0,2400.0
2026-04-14,Millesime Imperial,Creed,designer,https://www.fragrantica.com/perfume/Creed/Millesime-Imperial-466.html,,4.23,7077,unisex,Woody Floral Musk,"marine, citrus, salty, fruity, aromatic, powdery, musky, sweet, woody, iris","Perfumers, Perfumers, Olivier Creed, Pierre Bourdon","Sea Salt, Fruity Notes","Sicilian Lemon, Bergamot, Iris, Mandarin Orange","Sea Notes, Musk, Woody Notes",3600,2200,553,592,81,2700.0,3400.0,874.0,361.0,3200.0,944.0
2026-04-14,Viking,Creed,designer,https://www.fragrantica.com/perfume/Creed/Viking-41698.html,,3.96,4098,male,Woody Aromatic,"aromatic, fresh spicy, green, citrus, soft spicy, lavender, woody, rose, musky, warm spicy","Perfumers, Perfumers, Olivier Creed","Pink Pepper, Peppermint, Bergamot, Lemon, Absinthe, Orange","Lavender, Bulgarian Rose, Clove, Allspice, Orris Root, Jasmine","Vetiver, Cedar, White Musk, Tonka Bean",1800,1200,456,571,108,1700.0,1200.0,1700.0,1300.0,1800.0,1200.0
2026-04-14,Aventus Cologne,Creed,designer,https://www.fragrantica.com/perfume/Creed/Aventus-Cologne-51692.html,,4.33,3239,male,Aromatic Fruity,"citrus, woody, musky, leather, fresh spicy, powdery, smoky, aromatic, earthy, sweet","Perfumers, Perfumers, Olivier Creed","Mandarin Orange, Ginger, Pink Pepper, Bergamot, Spearmint","Vetiver, Patchouli, Sandalwood, Ozonic notes","Musk, Birch, Tonka Bean, Styrax, Cedar",1900,798,230,224,56,1600.0,1800.0,860.0,304.0,1700.0,697.0
2026-04-14,Royal Oud,Creed,designer,https://www.fragrantica.com/perfume/Creed/Royal-Oud-12317.html,,4.36,5496,unisex,Oriental Fougere,"woody, musky, powdery, citrus, aromatic, soft spicy, oud, green, amber","Perfumers, Perfumers, Julien Rasquinet, Olivier Creed","Pink Pepper, Lemon, Sicilian Bergamot","Cedar, Angelica, Galbanum","Sandalwood, Agarwood (Oud), Musk",3300,1500,310,404,59,1700.0,695.0,2400.0,2200.0,1800.0,2100.0
2026-04-14,Wind Flowers,Creed,designer,https://www.fragrantica.com/perfume/Creed/Wind-Flowers-70182.html,,3.61,1017,female,Floral,"white floral, sweet, powdery, musky, tuberose, rose, woody, iris, animalic, fruity","Perfumers, Perfumers, Olivier Creed","Jasmine, Orange Blossom, Peach","Jasmine Sambac, Tuberose, Rose","Musk, Orange Blossom, Praline, Iris, Sandalwood",317,278,201,153,68,,,,,,
2026-04-14,Le Male,Jean Paul Gaultier,designer,https://www.fragrantica.com/perfume/Jean-Paul-Gaultier/Le-Male-430.html,,4.0,24153,female,Oriental Fougere,"aromatic, vanilla, fresh spicy, lavender, warm spicy, green, powdery, sweet, amber, woody","Perfumers, Perfumers, Francis Kurkdjian","Lavender, Mint, Cardamom, Bergamot, Artemisia","Cinnamon, Orange Blossom, Caraway","Vanilla, Tonka Bean, Amber, Sandalwood, Cedar",9800,8800,1900,3200,458,8500.0,5600.0,9400.0,9600.0,9100.0,9500.0
2026-04-14,Ultra Male,Jean Paul Gaultier,designer,https://www.fragrantica.com/perfume/Jean-Paul-Gaultier/Ultra-Male-30947.html,,4.45,16719,male,Oriental Fougere,"vanilla, fruity, aromatic, sweet, cinnamon, warm spicy, fresh spicy, lavender, powdery, green","Perfumers, Perfumers, Francis Kurkdjian","Pear, Lavender, Mint, Bergamot, Lemon","Cinnamon, Clary Sage, Caraway","Black Vanilla Husk, Amber, Patchouli, Cedar",10700,4100,826,870,202,5600.0,2700.0,9200.0,10400.0,4000.0,10400.0
2026-04-14,Le Male Le Parfum,Jean Paul Gaultier,designer,https://www.fragrantica.com/perfume/Jean-Paul-Gaultier/Le-Male-Le-Parfum-61856.html,,4.6,25603,male,Oriental,"warm spicy, vanilla, lavender, aromatic, powdery, iris, woody, amber, violet","Perfumers, Perfumers, Natalie Gracia-Cetto, Quentin Bisch",Cardamom,"Lavender, Iris","Vanilla, Oriental notes, Woodsy Notes",18800,4600,1200,577,377,7900.0,2800.0,16200.0,18800.0,7200.0,16800.0
2026-04-14,Classique,Jean Paul Gaultier,designer,https://www.fragrantica.com/perfume/Jean-Paul-Gaultier/Classique-427.html,,3.92,12437,female,Oriental Floral,"white floral, sweet, powdery, citrus, vanilla, soft spicy, floral, anis, woody, yellow floral","Perfumers, Perfumers, Jacques Cavallier Belletrud","Orange Blossom, Star Anise, Rose, Mandarin Orange, Pear, Bergamot","Ylang-Ylang, Ginger, Orchid, Tuberose, Iris, Plum","Vanilla, Amber, Musk, Cinnamon, Sandalwood",4700,4700,507,2300,168,1700.0,1100.0,3100.0,3300.0,2400.0,3500.0
2026-04-14,Classique Autumn Winter,Jean Paul Gaultier,designer,https://www.fragrantica.com/perfume/Jean-Paul-Gaultier/Classique-Autumn-Winter-2844.html,,4.22,32,female,Oriental Floral,"soft spicy, anis, rose, white floral, vanilla, floral, powdery, citrus, fresh spicy, amber","Perfumers, Perfumers","Star Anise, Rose","African Orange Flower, Ginger","Vanilla, Amber",13,16,0,3,0,3.0,3.0,6.0,12.0,7.0,12.0
2026-04-14,Classique Intense Collector Glam,Jean Paul Gaultier,designer,https://www.fragrantica.com/perfume/Jean-Paul-Gaultier/Classique-Intense-Collector-Glam-Edition-32041.html,,4.07,27,female,Oriental Floral,"white floral, woody, vanilla, fruity, sweet","Perfumers, Perfumers","Pomegranate, Tiare Flower","Orange Blossom, Jasmine, Rose","Vanilla, Patchouli",16,5,0,4,2,2.0,1.0,6.0,5.0,3.0,10.0
2026-04-14,Scandal Pour Homme,Jean Paul Gaultier,designer,https://www.fragrantica.com/perfume/Jean-Paul-Gaultier/Scandal-Pour-Homme-68074.html,,4.27,6997,male,Oriental Woody,"caramel, aromatic, sweet, citrus, vanilla, amber, soft spicy, woody","Perfumers, Perfumers, Christophe Raynaud, Natalie Gracia-Cetto, Quentin Bisch","Mandarin Orange, Clary Sage","Caramel, Tonka Bean",Vetiver,3900,1900,640,365,193,2300.0,947.0,4000.0,4400.0,2100.0,4100.0
2026-04-14,Le Male Elixir,Jean Paul Gaultier,designer,https://www.fragrantica.com/perfume/Jean-Paul-Gaultier/Le-Male-Elixir-81642.html,,4.52,23518,male,Oriental Fougere,"vanilla, sweet, honey, aromatic, amber, lavender, tobacco, green, fresh spicy, powdery","Perfumers, Perfumers, Quentin Bisch","Lavender, Mint","Vanilla, Benzoin","Honey, Tonka Bean, Tobacco",16800,4100,1300,746,579,5000.0,2300.0,14000.0,18000.0,6500.0,14900.0
2026-04-14,Black Afgano,Nasomatto,designer,https://www.fragrantica.com/perfume/Nasomatto/Black-Afgano-6472.html,,4.06,12067,unisex,Woody Aromatic,"amber, smoky, woody, oud, cannabis, balsamic, green, aromatic, warm spicy, tobacco","Perfumers, Perfumers, Alessandro Gualtieri","cannabis, Green Notes, Davana, Saffron, Thyme","Resins, Woodsy Notes, Tobacco, Coffee, Cinnamon, Violet, Raspberry","Agarwood (Oud), Incense, Amber, Animal notes, Guaiac Wood, Musk, Tonka, Cedar, Gurjan balsam, Ambroxan, Vanilla",5900,3400,888,1400,516,1500.0,855.0,4400.0,5000.0,1800.0,4800.0
2026-04-14,Pardon,Nasomatto,designer,https://www.fragrantica.com/perfume/Nasomatto/Pardon-12130.html,,4.27,4207,male,fragrance for men. Pardon was launched in 2011. The nose behind this,"warm spicy, oud, chocolate, woody, sweet, floral, cinnamon, vanilla, powdery, cacao","Perfumers, Perfumers, Alessandro Gualtieri","Magnolia, Flowers","Dark Chocolate, Tonka Bean, Cinnamon","Agarwood (Oud), Sandalwood",2300,1200,341,305,56,688.0,234.0,1800.0,1900.0,996.0,1700.0
2026-04-14,Duro,Nasomatto,designer,https://www.fragrantica.com/perfume/Nasomatto/Duro-4291.html,,4.2,2991,male,Woody Chypre,"woody, leather, warm spicy, animalic, smoky","Perfumers, Perfumers, Alessandro Gualtieri","Woodsy Notes, Leather, Spices",,,1500,972,274,245,37,504.0,190.0,1200.0,1100.0,670.0,1100.0
2026-04-14,China White,Nasomatto,designer,https://www.fragrantica.com/perfume/Nasomatto/China-White-4290.html,,3.92,1554,female,Floral Woody Musk,"powdery, floral, musky, woody, rose","Perfumers, Perfumers, Alessandro Gualtieri","Powdery Notes, Musk, Woodsy Notes, Floral Notes, Rose",,,570,584,147,214,39,383.0,188.0,419.0,316.0,413.0,298.0
2026-04-14,Narcotic Venus,Nasomatto,designer,https://www.fragrantica.com/perfume/Nasomatto/Narcotic-Venus-4292.html,,4.1,4299,female,Floral,"white floral, tuberose, animalic, green, soft spicy","Perfumers, Perfumers, Alessandro Gualtieri","Tuberose, Lily, Jasmine, Spices",,,1900,1500,368,446,71,1400.0,926.0,871.0,591.0,1200.0,856.0
2026-04-14,Baraonda,Nasomatto,designer,https://www.fragrantica.com/perfume/Nasomatto/Baraonda-40200.html,,4.42,5818,unisex,Oriental Woody,"woody, whiskey, musky, rose, floral, amber, warm spicy","Perfumers, Perfumers, Alessandro Gualtieri","Whiskey, Woody Notes, Ambrette (Musk Mallow), Rose, Ambroxan, Musk",,,3600,1500,363,310,65,997.0,471.0,2600.0,2500.0,1100.0,2300.0
2026-04-14,Bleu de Chanel,Chanel,designer,https://www.fragrantica.com/perfume/Chanel/Bleu-de-Chanel-9099.html,,4.18,20400,male,Woody Aromatic,"citrus, woody, fresh spicy, aromatic, amber, smoky, balsamic, warm spicy, green, fresh","Perfumers, Perfumers, Jacques Polge","Grapefruit, Lemon, Mint, Pink Pepper","Ginger, Nutmeg, Jasmine, Iso E Super","Incense, Cedar, Vetiver, Sandalwood, Patchouli, Labdanum, White Musk",9700,7300,1200,2000,215,8500.0,7800.0,7200.0,5000.0,8600.0,7500.0
2026-04-14,Allure Homme Sport,Chanel,designer,https://www.fragrantica.com/perfume/Chanel/Allure-Homme-Sport-607.html,,4.26,14995,male,Woody Spicy,"citrus, aromatic, vanilla, aldehydic, marine, sweet, fresh spicy, fresh, amber, powdery","Perfumers, Perfumers, Jacques Polge","Orange, Sea Notes, Aldehydes, Blood Mandarin","Pepper, Neroli, Cedar","Vanilla, Tonka Bean, White Musk, Amber, Vetiver, Elemi resin",7500,5400,832,1200,118,6200.0,7000.0,2900.0,1400.0,7000.0,2400.0
2026-04-14,Coco Mademoiselle,Chanel,designer,https://www.fragrantica.com/perfume/Chanel/Coco-Mademoiselle-611.html,,4.11,32623,female,Oriental Floral,"citrus, woody, patchouli, sweet, white floral, rose, earthy, vanilla, warm spicy, yellow floral","Perfumers, Perfumers, Jacques Polge","Orange, Mandarin Orange, Bergamot, Orange Blossom","Turkish Rose, Jasmine, Mimosa, Ylang-Ylang","Patchouli, White Musk, Vanilla, Vetiver, Tonka Bean, Opoponax",14800,11500,1800,4000,506,9100.0,5100.0,8500.0,7400.0,10600.0,7200.0
2026-04-14,Chanel No 5 Eau Premiere,Chanel,designer,https://www.fragrantica.com/perfume/Chanel/Chanel-N-5-Eau-Premiere-1360.html,,4.21,6177,female,Floral Aldehyde,"woody, aldehydic, fresh, white floral, yellow floral, vanilla, sweet, rose, floral, powdery","Perfumers, Perfumers, Jacques Polge","Aldehydes, Ylang-Ylang, Neroli","Jasmine, Tincture of Rose","Vanille, Sandalwood, Vetyver",2900,2400,72,752,12,1400.0,820.0,1100.0,891.0,1700.0,851.0
2026-04-14,Egoiste Platinum,Chanel,designer,https://www.fragrantica.com/perfume/Chanel/Egoiste-Platinum-614.html,,4.23,11901,male,Woody Floral Musk,"aromatic, fresh spicy, woody, lavender, green, herbal","Perfumers, Perfumers, Jacques Polge","Lavender, Rosemary, Neroli, Petitgrain","Geranium, Clary Sage, Galbanum, Jasmine","Oakmoss, Vetiver, Cedar, Sandalwood, Amber",6200,3700,606,1200,151,4900.0,4200.0,3700.0,2100.0,5000.0,2700.0
2026-04-14,Oud Wood,Tom Ford,designer,https://www.fragrantica.com/perfume/Tom-Ford/Oud-Wood-1826.html,,4.29,16675,unisex,Oriental Woody,"woody, oud, warm spicy, aromatic, vanilla, balsamic, fresh spicy, amber, powdery, sweet","Perfumers, Perfumers, Richard Herpin","Agarwood (Oud), Brazilian Rosewood, Cardamom, Sandalwood, Sichuan Pepper, Vanilla, Vetiver, Tonka Bean, Amber",,,9300,4700,1300,1100,313,4000.0,1700.0,7500.0,7300.0,4700.0,6800.0
2026-04-14,Black Orchid,Tom Ford,designer,https://www.fragrantica.com/perfume/Tom-Ford/Black-Orchid-1018.html,,3.89,31376,female,Oriental Floral,"warm spicy, earthy, woody, sweet, amber, patchouli, floral, chocolate, powdery, balsamic","Perfumers, Perfumers, David Apel, Pierre Negrin","Truffle, Gardenia, Black Currant, Ylang-Ylang, Jasmine, Bergamot, Mandarin Orange, Amalfi Lemon","Orchid, Spices, Gardenia, Fruity Notes, Ylang-Ylang, Jasmine, Lotus","Mexican chocolate, Patchouli, Vanille, Incense, Amber, Sandalwood, Vetiver, White Musk",13700,8900,1900,5400,1500,3000.0,1700.0,10000.0,12000.0,3600.0,12300.0
2026-04-14,Tobacco Vanille,Tom Ford,designer,https://www.fragrantica.com/perfume/Tom-Ford/Tobacco-Vanille-1825.html,,4.19,29838,unisex,Oriental Spicy,"vanilla, sweet, tobacco, warm spicy, fruity, woody, cacao, powdery","Perfumers, Perfumers, Olivier Gillotin","Tobacco Leaf, Spicy Notes","Vanilla, Cacao, Tonka Bean, Tobacco Blossom","Dried Fruits, Woody Notes",16200,7800,2000,2900,953,2500.0,1600.0,11700.0,14300.0,5100.0,12300.0
2026-04-14,Lost Cherry,Tom Ford,designer,https://www.fragrantica.com/perfume/Tom-Ford/Lost-Cherry-51411.html,,4.07,16966,unisex,Oriental Floral,"cherry, sweet, almond, nutty, fruity, vanilla, warm spicy, amber, woody, balsamic","Perfumers, Perfumers, Louise Turner","Bitter Almond, Black Cherry, Cherry Liqueur","Sour Cherry, Plum, Turkish Rose, Jasmine Sambac","Vanilla, Tonka Bean, Cinnamon, Peru Balsam, Sandalwood, Benzoin, Cloves, Cedar, Patchouli, Vetiver",8000,5000,1900,1500,627,3400.0,2100.0,6300.0,6100.0,4100.0,6000.0
2026-04-14,Tuscan Leather,Tom Ford,designer,https://www.fragrantica.com/perfume/Tom-Ford/Tuscan-Leather-1849.html,,4.26,10172,unisex,Leather,"leather, fruity, animalic, sweet, amber, smoky, warm spicy, woody","Perfumers, Perfumers","Raspberry, Saffron, Thyme","Olibanum, Jasmine","Leather, Suede, Woody Notes, Amber",5600,2900,513,947,185,1400.0,548.0,3700.0,3800.0,2000.0,3600.0
2026-04-14,XJ 1861 Naxos,Xerjoff,designer,https://www.fragrantica.com/perfume/Xerjoff/XJ-1861-Naxos-30529.html,,4.5,18608,unisex,Citrus Gourmand,"sweet, honey, vanilla, tobacco, lavender, citrus, aromatic, floral, powdery, warm spicy","Perfumers, Perfumers","Lavender, Bergamot, Lemon","Honey, Cinnamon, Cashmeran, Jasmine Sambac","Tobacco Leaf, Vanilla, Tonka Bean",12900,3500,1200,756,268,7800.0,3800.0,10300.0,10700.0,8000.0,9400.0
2026-04-14,Verde Accento,Xerjoff,designer,https://www.fragrantica.com/perfume/Xerjoff/Verde-Accento-105329.html,,4.2,20,unisex,,"woody, citrus, powdery, white floral, patchouli, musky, warm spicy, iris, earthy, soft spicy","Perfumers, Perfumers","Italian Mandarin, Bergamot","Jasmine, Iris, Pink Pepper","Patchouli, Sandalwood, Musk, Amber, Bourbon Vanilla",11,5,2,1,1,5.0,7.0,4.0,1.0,7.0,2.0
2026-04-14,Wabar,Xerjoff,designer,https://www.fragrantica.com/perfume/Xerjoff/Wabar-42270.html,,3.99,108,female,Oriental Vanilla,"floral, white floral, citrus, vanilla, powdery, soft spicy, anis, aromatic, musky, fresh","Perfumers, Perfumers, Chris Maurice","Star Anise, Bergamot","Magnolia, Lily-of-the-Valley, Jasmine","Vanilla, Musk, Vetiver",48,34,7,15,4,23.0,19.0,22.0,18.0,21.0,19.0
2026-04-14,Amphorae 27,Xerjoff,designer,https://www.fragrantica.com/perfume/Xerjoff/Amphorae-27-76176.html,,3.22,9,unisex,,"musky, fresh spicy, animalic, warm spicy, amber, powdery, citrus, sweet, yellow floral, woody","Perfumers, Perfumers","Cloves, Brazilian Orange, Black Pepper, Cumin, Calabrian bergamot, Cardamom","Nutmeg, Ylang-Ylang, Bulgarian Rose","Musk, Ambergris, Civet, Singapore Patchouli, Madagascar Vanilla",4,0,1,2,2,2.0,3.0,5.0,5.0,3.0,5.0
2026-04-14,1888,Xerjoff,designer,https://www.fragrantica.com/perfume/Xerjoff/1888-21616.html,,4.18,2330,unisex,Oriental Floral,"warm spicy, woody, amber, floral, aromatic, yellow floral, fresh spicy, leather, powdery, rose","Perfumers, Perfumers","Carnation, Pepper, Coriander, Saffron","Ylang-Ylang, Rose, Neroli","Amber, Sandalwood, Patchouli, Birch",1100,759,212,200,32,456.0,178.0,958.0,945.0,630.0,809.0
2026-04-14,Fiero,Xerjoff,designer,https://www.fragrantica.com/perfume/Xerjoff/Fiero-11802.html,,4.21,1524,male,Aromatic Spicy,"citrus, aromatic, fresh spicy, woody, green","Perfumers, Perfumers, Chris Maurice","Amalfi Lemon, Lemongrass, Bergamot, Blood Orange","Mint, Neroli, Tarragon, Thyme","Vetiver, Patchouli, Nutmeg, Sandalwood, Coumarin",739,524,127,115,19,713.0,795.0,247.0,65.0,737.0,175.0
2026-04-14,Eros,Versace,designer,https://www.fragrantica.com/perfume/Versace/Eros-16657.html,,4.07,28922,male,Aromatic Fougere,"vanilla, aromatic, green, fresh spicy, amber, fruity, citrus, woody, sweet, fresh","Perfumers, Perfumers, Aurélien Guichard","Mint, Green Apple, Lemon","Tonka Bean, Ambroxan, Geranium","Madagascar Vanilla, Virginian Cedar, Atlas Cedar, Vetiver, Oakmoss",11900,11000,2700,2700,633,12800.0,10200.0,12100.0,11700.0,11100.0,13800.0
2026-04-14,Pour Femme Dylan Blue,Versace,designer,https://www.fragrantica.com/perfume/Versace/Versace-Pour-Femme-Dylan-Blue-47459.html,,3.78,5986,female,Floral Fruity,"fruity, floral, green, rose, fresh, woody, sweet, musky","Perfumers, Perfumers, Calice Becker, Natalie Gracia-Cetto","Granny Smith apple, Black Currant, Clover, Forget me not, Shiso","Peach, Petalia, Rose, Rose Hip, Jasmine","Musk, White Woods, Patchouli, Styrax",1600,2600,831,887,107,2100.0,2000.0,957.0,647.0,2200.0,855.0
2026-04-14,Pour Homme Dylan Blue,Versace,designer,https://www.fragrantica.com/perfume/Versace/Versace-Pour-Homme-Dylan-Blue-40031.html,,4.19,23761,male,Aromatic Fougere,"amber, citrus, fresh spicy, musky, aquatic, warm spicy, woody, fresh, aromatic, smoky","Perfumers, Perfumers, Alberto Morillas","Calabrian bergamot, Water Notes, Grapefruit, Fig Leaf","Ambroxan, Black Pepper, Patchouli, Violet Leaf, Papyrus","Incense, Musk, Tonka Bean, Saffron",10700,9100,2100,1500,322,14100.0,14300.0,11500.0,6300.0,13900.0,10900.0
2026-04-14,Bright Crystal,Versace,designer,https://www.fragrantica.com/perfume/Versace/Bright-Crystal-632.html,,3.74,23674,female,Floral Fruity,"floral, citrus, fresh, woody, rose, fresh spicy, aquatic","Perfumers, Perfumers, Alberto Morillas","Yuzu, Pomegranate, Ice","Peony, Lotus, Magnolia","Musk, Mahogany, Amber",5800,11000,2200,4300,343,8600.0,7700.0,1700.0,1400.0,9500.0,1500.0
2026-04-14,1 Million,Paco Rabanne,designer,https://www.fragrantica.com/perfume/Paco-Rabanne/1-Million-3747.html,,3.74,23413,male,Woody Spicy,"warm spicy, cinnamon, citrus, amber, woody, leather, rose, animalic, green, patchouli","Perfumers, Perfumers, Christophe Raynaud, Michel Girard, Olivier Pescheux","Blood Mandarin, Grapefruit, Mint","Cinnamon, Spicy Notes, Rose","Amber, Leather, Woody Notes, Indian Patchouli",7400,8600,2000,4600,751,3600.0,2100.0,8500.0,10000.0,4100.0,10200.0
2026-04-14,Invictus,Rabanne,designer,https://www.fragrantica.com/perfume/Rabanne/Invictus-18471.html,,3.8,14484,male,Woody Aquatic,"citrus, marine, aromatic, fresh spicy, woody, salty, amber, white floral, aquatic, animalic","Perfumers, Perfumers, Anne Flipo, Dominique Ropion, Olivier Polge, Véronique Nyberg","Sea Notes, Grapefruit, Mandarin Orange","Bay Leaf, Jasmine","Ambergris, Guaiac Wood, Oakmoss, Patchouli",4400,5900,1500,2300,407,6300.0,7000.0,3000.0,1600.0,6800.0,3000.0
2026-04-14,Phantom Parfum,Rabanne,designer,https://www.fragrantica.com/perfume/Rabanne/Phantom-Parfum-81927.html,,3.91,2108,male,Aromatic,"aromatic, vanilla, warm spicy, citrus, lavender, woody, powdery, fresh spicy, sweet, green","Perfumers, Perfumers, Anne Flipo, Dominique Ropion, Juliette Karagueuzoglou","Cardamom, Bergamot, Rhubarb, Lemon","Lavender, Cedarwood, Patchouli, Geranium","Vanilla, Tolu Balsam, Haitian Vetiver",809,701,320,160,118,783.0,293.0,1100.0,1100.0,613.0,1000.0
2026-04-14,Acqua di Gio,Giorgio Armani,designer,https://www.fragrantica.com/perfume/Giorgio-Armani/Acqua-di-Gio-410.html,,4.13,24141,unisex,Aromatic Aquatic,"citrus, aromatic, marine, fresh spicy, floral, woody, fresh","Perfumers, Perfumers, Alberto Morillas, Annick Menardo, Christian Dussoulier","Lime, Lemon, Bergamot, Jasmine, Orange, Mandarin Orange, Neroli","Sea Notes, Jasmine, Calone, Rosemary, Peach, Freesia, Hiacynth, Cyclamen, Violet, Coriander, Rose, Nutmeg, Mignonette","White Musk, Cedar, Oakmoss, Patchouli, Amber",9600,10400,1800,2000,256,9100.0,13100.0,2500.0,1300.0,12200.0,2700.0
2026-04-14,Armani Code Parfum,Giorgio Armani,designer,https://www.fragrantica.com/perfume/Giorgio-Armani/Armani-Code-Parfum-75126.html,,4.41,6331,male,Woody Aromatic,"iris, aromatic, powdery, woody, citrus, vanilla, earthy, aldehydic, violet, fresh spicy","Perfumers, Perfumers, Antoine Maisondieu","Bergamot, Bergamot Leaf","Iris, Aldehydes, Clary Sage, Orris","Tonka Bean, Cedar",3800,1700,589,190,72,3600.0,2100.0,3900.0,3700.0,3300.0,3600.0
2026-04-14,Si,Giorgio Armani,designer,https://www.fragrantica.com/perfume/Giorgio-Armani/Si-18453.html,,3.84,19463,female,Chypre Fruity,"woody, vanilla, aromatic, soft spicy, fruity, green, floral, rose, patchouli, earthy","Perfumers, Perfumers, Christine Nagel",Cassis,"May Rose, Freesia","Vanilla, Patchouli, Woody Notes, Ambroxan",6700,7300,1500,3700,343,3400.0,1900.0,6000.0,5100.0,5400.0,4600.0
2026-04-14,My Way,Giorgio Armani,designer,https://www.fragrantica.com/perfume/Giorgio-Armani/My-Way-62036.html,,3.78,12958,female,Floral,"white floral, tuberose, citrus, animalic, vanilla","Perfumers, Perfumers, Bruno Jovanovic, Carlos Benaïm","Orange Blossom, Bergamot","Tuberose, Indian Jasmine","Madagascar Vanilla, White Musk, Virginian Cedar",4300,4300,2000,1700,594,5100.0,3600.0,2600.0,1800.0,5000.0,2000.0
2026-04-14,YSL Y EDP,Yves Saint Laurent,designer,https://www.fragrantica.com/perfume/Yves-Saint-Laurent/Yves-Saint-Laurent-Y-45956.html,,3.92,4575,male,Woody Aromatic,"fresh spicy, aromatic, fresh, citrus, green, fruity, amber, aldehydic, woody, musky","Perfumers, Perfumers, Claire Liégent, Dominique Ropion","Aldehydes, Bergamot, Ginger, Lemon, Mint","Apple, Violet Leaf, Pineapple, Sage, Geranium","Ambergris, Musk, Cedar, Vetiver, Balsam Fir, Incense",1600,1800,445,624,83,2200.0,2400.0,993.0,490.0,2300.0,722.0
2026-04-14,La Nuit de l'Homme,Yves Saint Laurent,designer,https://www.fragrantica.com/perfume/Yves-Saint-Laurent/La-Nuit-de-L-Homme-5521.html,,4.45,23856,male,Woody Spicy,"aromatic, warm spicy, lavender, woody, fresh spicy, citrus","Perfumers, Perfumers, Anne Flipo, Dominique Ropion, Pierre Wargnye",Cardamom,"Lavender, Virginia Cedar, Bergamot","Vetiver, Caraway",14500,7000,1100,1100,154,6700.0,3000.0,11000.0,10800.0,4700.0,12000.0
2026-04-14,Black Opium,Yves Saint Laurent,designer,https://www.fragrantica.com/perfume/Yves-Saint-Laurent/Black-Opium-25324.html,,3.94,33419,female,Oriental Vanilla,"vanilla, coffee, sweet, white floral, warm spicy, soft spicy, woody, fruity, balsamic, powdery","Perfumers, Perfumers, Honorine Blanc, Marie Salamagne, Nathalie Lorson, Olivier Cresp","Pear, Pink Pepper, Orange Blossom","Coffee, Jasmine, Bitter Almond, Licorice","Vanilla, Patchouli, Cashmere Wood, Cedar",13000,11800,3200,4400,955,3200.0,2100.0,11600.0,13400.0,5200.0,13700.0
2026-04-14,Light Blue,Dolce & Gabbana,designer,https://www.fragrantica.com/perfume/Dolce-Gabbana/Light-Blue-485.html,,3.86,35190,female,Floral Fruity,"citrus, woody, fresh, fruity, aromatic, musky, powdery, green","Perfumers, Perfumers, Olivier Cresp","Sicilian Lemon, Apple, Cedar, Bellflower","Bamboo, Jasmine, White Rose","Cedar, Musk, Amber",11400,14700,2500,6000,604,8700.0,15900.0,2000.0,1800.0,15200.0,1900.0
2026-04-14,Rose The One,Dolce & Gabbana,designer,https://www.fragrantica.com/perfume/Dolce-Gabbana/Rose-The-One-6461.html,,4.02,4260,female,Floral,"rose, floral, fruity, fresh, citrus, white floral, musky, tropical, vanilla, powdery","Perfumers, Perfumers","Rose, Litchi, Peony, Grapefruit, Black Currant, Vanilla, Musk, Lily-of-the-Valley, Mandarin Orange, Lily, Ambrette (Musk Mallow), Sandalwood",,,1400,2100,65,630,3,1200.0,716.0,628.0,390.0,1400.0,447.0
2026-04-14,The One Collector For Men,Dolce & Gabbana,designer,https://www.fragrantica.com/perfume/Dolce-Gabbana/The-One-Collector-For-Men-27419.html,,4.42,194,female,Oriental Spicy,"fresh spicy, aromatic, amber, tobacco, warm spicy, citrus, woody, sweet, fresh, herbal","Perfumers, Perfumers","Grapefruit, Coriander, Basil","Cardamom, Ginger","Amber, Tobacco, Cedar",111,62,13,7,1,63.0,25.0,85.0,73.0,52.0,88.0
2026-04-14,La Vie Est Belle,Lancome,designer,https://www.fragrantica.com/perfume/Lanc-me/La-Vie-Est-Belle-14982.html,,3.65,34407,female,Floral Fruity Gourmand,"sweet, vanilla, fruity, patchouli, woody, white floral, powdery, iris, earthy, warm spicy","Perfumers, Perfumers, Anne Flipo, Dominique Ropion, Olivier Polge","Black Currant, Pear","Iris, Jasmine, Orange Blossom","Praline, Vanilla, Patchouli, Tonka Bean",11200,10900,2800,8100,1500,5900.0,3300.0,9100.0,10600.0,9100.0,9200.0
2026-04-14,Good Girl,Carolina Herrera,designer,https://www.fragrantica.com/perfume/Carolina-Herrera/Good-Girl-39681.html,,3.95,24214,female,Oriental Floral,"sweet, white floral, warm spicy, vanilla, amber, cacao, woody, tuberose, almond, powdery","Perfumers, Perfumers, Louise Turner, Quentin Bisch","Almond, Coffee, Bergamot, Lemon","Tuberose, Jasmine Sambac, Orange Blossom, Bulgarian Rose, Orris","Tonka Bean, Cacao, Vanilla, Praline, Sandalwood, Musk, Amber, Cashmere Wood, Patchouli, Cinnamon, Cedar",9800,8000,2600,3200,688,3600.0,2100.0,8300.0,9000.0,4000.0,10000.0
2026-04-14,CK One,Calvin Klein,designer,https://www.fragrantica.com/perfume/Calvin-Klein/CK-One-276.html,,3.82,21626,unisex,Citrus Aromatic,"citrus, green, woody, powdery, white floral, fresh, aromatic, fresh spicy, floral, musky","Perfumers, Perfumers, Alberto Morillas, Harry Fremont","Lemon, Green Notes, Bergamot, Mandarin Orange, Pineapple, Cardamom, Papaya","Lily-of-the-Valley, Jasmine, Violet, Rose, Nutmeg, Freesia, Orris Root","Green Accord, Musk, Cedar, Green Tea, Sandalwood, Oakmoss, Amber",4800,11200,2900,2400,341,8100.0,10900.0,2300.0,1400.0,11000.0,1700.0
2026-04-14,Explorer,Montblanc,designer,https://www.fragrantica.com/perfume/Montblanc/Explorer-52002.html,,4.24,16309,male,Woody Aromatic,"woody, citrus, aromatic, amber, musky, fresh spicy, soft spicy, oud, warm spicy, earthy","Perfumers, Perfumers, Antoine Maisondieu, Jordi Fernández, Olivier Pescheux","Bergamot, Pink Pepper, Clary Sage","Haitian Vetiver, Leather","Ambroxan, Akigalawood, Indonesian Patchouli Leaf, Cacao Pod",7600,6100,1600,766,182,9500.0,9200.0,8200.0,4500.0,9500.0,6000.0
2026-04-14,Layton,Parfums de Marly,designer,https://www.fragrantica.com/perfume/Parfums-de-Marly/Layton-39314.html,,4.45,17273,unisex,Oriental Floral,"warm spicy, fresh spicy, woody, vanilla, aromatic, fruity, powdery, lavender, fresh, citrus","Perfumers, Perfumers, Hamid Merati-Kashani","Apple, Lavender, Bergamot, Mandarin Orange","Geranium, Violet, Jasmine","Vanilla, Cardamom, Sandalwood, Pepper, Guaiac Wood, Patchouli, Coumarin, Ambermax™",11400,3600,1200,759,282,8300.0,3400.0,9900.0,9900.0,7800.0,9100.0
2026-04-14,Pegasus,Parfums de Marly,designer,https://www.fragrantica.com/perfume/Parfums-de-Marly/Pegasus-16938.html,,4.08,6314,male,Oriental Fougere,"almond, vanilla, powdery, nutty, sweet, lavender, fruity, woody, floral, fresh spicy","Perfumers, Perfumers, Hamid Merati-Kashani","Heliotrope, Cumin, Bergamot, Pink Pepper","Bitter Almond, Lavender, Jasmine","Vanilla, Sandalwood, Amber, Musk, Cedar",3000,1800,690,625,181,2400.0,800.0,3100.0,3000.0,2600.0,2700.0
2026-04-14,Herod,Parfums de Marly,designer,https://www.fragrantica.com/perfume/Parfums-de-Marly/Herod-16939.html,,4.43,10385,male,Woody Spicy,"tobacco, vanilla, warm spicy, cinnamon, amber, sweet, woody, musky, powdery, balsamic","Perfumers, Perfumers, Olivier Pescheux","Cinnamon, Pepperwood™","Tobacco Leaf, Incense, Osmanthus, Labdanum","Vanilla, Iso E Super, Cedar, Musk, Cypriol Oil or Nagarmotha, Vetiver, Amber",6500,2600,674,486,130,1500.0,517.0,5300.0,5600.0,2600.0,5000.0
2026-04-14,Sedley,Parfums de Marly,designer,https://www.fragrantica.com/perfume/Parfums-de-Marly/Sedley-56273.html,,4.26,5429,unisex,Woody Aromatic,"citrus, aromatic, fresh spicy, woody, amber, green, lavender, musky","Perfumers, Perfumers, Hamid Merati-Kashani, Olivier Cresp","Lemon, Mint, Bergamot, Grapefruit, Mandarin Orange","Lavender, Rosemary, Geranium, Olibanum","Ambroxan, Sandalowood, Cedar, Cashmeran, Vetiver, Patchouli",2900,1500,623,278,101,3000.0,3500.0,864.0,271.0,3000.0,838.0
2026-04-14,Althair,Parfums de Marly,designer,https://www.fragrantica.com/perfume/Parfums-de-Marly/Altha-r-84109.html,,4.4,9941,male,Oriental Vanilla,"sweet, vanilla, warm spicy, cinnamon, aromatic, musky, powdery, citrus, amber, white floral","Perfumers, Perfumers, Hamid Merati-Kashani, Ilias Ermenidis","Cinnamon, Orange Blossom, Cardamom, Bergamot","Bourbon Vanilla, elemi","Praline, Musk, Ambroxan, Guaiac Wood, Tonka, Candied Almond",6600,1900,752,389,354,1900.0,809.0,5500.0,6200.0,3200.0,5000.0
2026-04-14,Khamrah,Lattafa,arabic,https://www.fragrantica.com/perfume/Lattafa-Perfumes/Khamrah-75805.html,,4.26,26988,unisex,Oriental Spicy,"sweet, warm spicy, vanilla, amber, cinnamon, woody, fresh spicy, fruity","Perfumers, Perfumers","Cinnamon, Nutmeg, Bergamot","Dates, Praline, Tuberose, Mahonial","Vanilla, Tonka Bean, Amberwood, Myrrh, Benzoin, Akigalawood",15000,7200,2400,1500,866,3900.0,2300.0,15700.0,19400.0,6900.0,15300.0
2026-04-14,Khamrah Qahwa,Lattafa,arabic,https://www.fragrantica.com/perfume/Lattafa-Perfumes/Khamrah-Qahwa-88175.html,,4.38,13431,unisex,Oriental Vanilla,"warm spicy, sweet, vanilla, cinnamon, coffee, amber, powdery","Perfumers, Perfumers","Cinnamon, Cardamom, Ginger","Praline, Candied Fruits, White Flowers","Vanilla, Coffee, Tonka Bean, Benzoin, Musk",8200,3300,991,557,363,1800.0,673.0,8100.0,10000.0,3400.0,8300.0
2026-04-14,Yara,Lattafa,arabic,https://www.fragrantica.com/perfume/Lattafa-Perfumes/Yara-76880.html,,3.97,10841,female,Oriental Vanilla,"sweet, vanilla, powdery, tropical, fruity, musky, floral, citrus","Perfumers, Perfumers","Orchid, Heliotrope, Tangerine","Gourmand Accord, Tropical Fruits","Vanilla, Musk, Sandalwood",4000,4000,1700,830,324,4800.0,3800.0,2600.0,2400.0,5100.0,1600.0
2026-04-14,Yara Moi,Lattafa,arabic,https://www.fragrantica.com/perfume/Lattafa-Perfumes/Yara-Moi-80722.html,,3.64,2121,female,,"woody, white floral, patchouli, warm spicy, caramel, powdery, fruity, amber, sweet, balsamic","Perfumers, Perfumers","Jasmine, Peach","Caramel, Amber","Patchouli, Sandalwood",566,745,400,307,103,796.0,535.0,711.0,532.0,858.0,444.0
2026-04-14,Raghba,Lattafa,arabic,https://www.fragrantica.com/perfume/Lattafa-Perfumes/Raghba-25807.html,,3.88,4148,unisex,Oriental Vanilla,"vanilla, sweet, oud, amber, powdery, balsamic, smoky, woody, warm spicy, musky","Perfumers, Perfumers","Vanilla, Sugar, Agarwood (Oud), Incense, Sandalwood, Musk",,,1500,1500,451,466,209,506.0,298.0,1800.0,2000.0,952.0,1700.0
2026-04-14,Asad,Lattafa,arabic,https://www.fragrantica.com/perfume/Lattafa-Perfumes/Asad-72821.html,,4.08,12703,male,Oriental,"amber, fresh spicy, woody, warm spicy, vanilla, sweet, tobacco, powdery, patchouli, balsamic","Perfumers, Perfumers","Black Pepper, Tobacco, Pineapple","Patchouli, Coffee, Iris","Vanilla, Amber, Dry Wood, Benzoin, Labdanum",5500,4400,1600,763,450,,,,,,
2026-04-14,Asad Bourbon,Lattafa,arabic,https://www.fragrantica.com/perfume/Lattafa-Perfumes/Asad-Bourbon-101124.html,,4.45,4679,male,Oriental Spicy,"vanilla, cacao, sweet, lavender, fresh spicy, amber, warm spicy, aromatic, powdery, soft spicy","Perfumers, Perfumers","Lavender, Mirabelle, Pink Pepper","Cacao, Nutmeg, Davana","Bourbon Vanilla, Amber, Vetiver",2900,1300,326,113,80,1300.0,414.0,3000.0,3500.0,1500.0,3100.0
2026-04-14,Badee Al Oud Amethyst,Lattafa,arabic,https://www.fragrantica.com/perfume/Lattafa-Perfumes/Bade-e-Al-Oud-Amethyst-68214.html,,4.04,3725,unisex,Oriental Vanilla,"rose, oud, amber, soft spicy, floral, vanilla, citrus, fresh spicy, white floral","Perfumers, Perfumers","Pink Pepper, Bergamot","Turkish Rose, Bulgarian Rose, Jasmine","Agarwood (Oud), Amber, Vanilla",1700,1100,483,296,157,1200.0,502.0,2000.0,2200.0,1100.0,2100.0
2026-04-14,Fakhar Black,Lattafa,arabic,https://www.fragrantica.com/perfume/Lattafa-Perfumes/Fakhar-Black-70465.html,,4.23,7031,male,Oriental,"aromatic, fresh spicy, woody, fruity, fresh, citrus, lavender, green, amber, herbal","Perfumers, Perfumers","Apple, Bergamot, Ginger","Lavender, Sage, Juniper Berries, Geranium","Tonka Bean, Cedar, Amberwood, Vetiver",3200,2700,771,264,101,4800.0,4800.0,3400.0,1600.0,4700.0,2900.0
2026-04-14,Opulent Oud,Lattafa,arabic,https://www.fragrantica.com/perfume/Lattafa-Perfumes/Opulent-Oud-66012.html,,4.02,1397,unisex,Oriental,"oud, warm spicy, amber, rose, metallic, leather, cinnamon, woody","Perfumers, Perfumers","Saffron, Cinnamon","Agarwood (Oud), Rose","Agarwood (Oud), Amber, Cedarwood",590,470,178,94,65,,,,,,
2026-04-14,Raghba Wood Intense,Lattafa,arabic,https://www.fragrantica.com/perfume/Lattafa-Perfumes/Raghba-Wood-Intense-28713.html,,4.1,2049,male,Oriental Woody,"woody, amber, sweet, balsamic, smoky, caramel, vanilla, oud, powdery, soft spicy","Perfumers, Perfumers","Caramel, Licorice, Guaiac Wood, Cedar","Agarwood (Oud), Sugar, Sandalwood, Cashmere Wood","Incense, Vanilla, Amber, Oakmoss, Musk",953,652,209,161,74,322.0,102.0,1100.0,1300.0,479.0,1100.0
2026-04-14,Haya,Lattafa,arabic,https://www.fragrantica.com/perfume/Lattafa-Perfumes/Haya-85031.html,,4.08,970,female,,"citrus, white floral, fruity, sweet, Champagne, aldehydic, floral, amber, lactonic, rose","Perfumers, Perfumers","Strawberry, Champagne, Tangerine, Blood Orange, Rose","Gardenia, Jasmine, Vanilla Orchid","Amber, Sandalwood, Chestnut",369,384,156,50,11,465.0,451.0,171.0,117.0,473.0,140.0
2026-04-14,Vintage Radio,Lattafa,arabic,https://www.fragrantica.com/perfume/Lattafa-Perfumes/Vintage-Radio-89454.html,,4.31,3589,unisex,Oriental Woody,"woody, fruity, aromatic, fresh spicy, citrus, lavender, sweet, herbal, warm spicy, powdery","Perfumers, Perfumers","Lavender, Sage, Bergamot","Plum, Palo Santo, Black Pepper","Sandalwood, Oud",2000,971,330,201,65,,,,,,
2026-04-14,Hawas for Him,Rasasi,arabic,https://www.fragrantica.com/perfume/Rasasi/Hawas-for-Him-46890.html,,4.31,10051,male,Aromatic Aquatic,"fruity, citrus, aquatic, fresh, warm spicy, amber, sweet, musky, aromatic, animalic","Perfumers, Perfumers","Apple, Bergamot, Lemon, Cinnamon","Watery Notes, Plum, Orange Blossom, Cardamon","Ambergris, Musk, Patchouli, Driftwood",5400,3100,918,408,172,6400.0,7500.0,2800.0,1400.0,6700.0,3100.0
2026-04-14,La Yuqawam Homme,Rasasi,arabic,https://www.fragrantica.com/perfume/Rasasi/La-Yuqawam-Homme-19668.html,,4.4,3860,male,Oriental,"leather, fruity, sweet, animalic, amber, woody, musky, warm spicy, smoky","Perfumers, Perfumers","Raspberry, Saffron, Thyme","Olibanum, Jasmine, Artemisia","Leather, Suede, Woody Notes, Amber",2400,971,200,223,66,780.0,261.0,2100.0,2200.0,1100.0,2000.0
2026-04-14,Daarej pour Homme,Rasasi,arabic,https://www.fragrantica.com/perfume/Rasasi/Daarej-pour-Homme-19688.html,,4.13,3125,male,Oriental Spicy,"vanilla, warm spicy, powdery, amber, aromatic, fresh spicy, woody, sweet, rose, balsamic","Perfumers, Perfumers","Cumin, Cardamom, Artemisia","Rose, Orris Root","Vanilla, Tonka Bean, Amber, Sandalwood, Patchouli, Musk",1400,1000,328,229,79,1300.0,583.0,1700.0,1800.0,1300.0,1700.0
2026-04-14,Qasamat Mohraf,Rasasi,arabic,https://www.fragrantica.com/perfume/Rasasi/Qasamat-Mohraf-Oud-Moattar-62547.html,,4.14,84,unisex,"fragrance for women and men. Qasamat Mohraf Oud Moattar was launched in 2020. Top notes are Raspberry, Lemon and Bergamot; middle notes are Rose, Geranium, Jasmine, White Flowers and Lily-of-the-Valley; base notes are Agarwood (Oud), Patchouli, Guaiac Wood, Amber, Vanilla, Sandalwood and Musk. ""Qasamat, is a series of four unisex","rose, woody, oud, white floral, powdery, fresh spicy, patchouli, warm spicy, fruity, sweet","Perfumers, Perfumers","Raspberry, Lemon, Bergamot","Rose, Geranium, Jasmine, White Flowers, Lily-of-the-Valley","Agarwood (Oud), Patchouli, Guaiac Wood, Amber, Vanilla, Sandalwood, Musk",47,17,8,9,3,33.0,12.0,39.0,37.0,30.0,39.0
2026-04-14,Hawas Ice,Rasasi,arabic,https://www.fragrantica.com/perfume/Rasasi/Hawas-Ice-89050.html,,4.44,5733,male,Aromatic,"fruity, citrus, sweet, fresh, aromatic, musky, powdery, fresh spicy, green, white floral","Perfumers, Perfumers","Apple, Italian Lemon, Sicilian Bergamot, Star Anise","Plum, Orange Blossom, Cardamon","Musk, Amber, Driftwood, Moss",3500,1500,400,167,105,3800.0,4300.0,2100.0,1000.0,3900.0,1800.0
2026-04-14,Egra Men,Rasasi,arabic,https://www.fragrantica.com/perfume/Rasasi/Egra-Men-19678.html,,4.02,608,male,Woody Aromatic,"woody, aromatic, fresh spicy, green, ozonic, powdery, amber, aquatic, iris, citrus","Perfumers, Perfumers","Violet Leaf, Juniper Berries, Spruce, Grapefruit","Fir, Iris, Galbanum","Ambergris, Oakmoss, Sandalwood, Musk",215,266,64,50,13,353.0,344.0,202.0,71.0,342.0,121.0
2026-04-14,Hawas Black,Rasasi,arabic,https://www.fragrantica.com/perfume/Rasasi/Hawas-Black-96817.html,,4.26,2642,male,Aromatic Fruity,"woody, citrus, mossy, earthy, fresh spicy, fruity, patchouli, sweet, aromatic","Perfumers, Perfumers","Bergamot, Grapefruit, Pineapple","Patchouli, Cedarwood, Jasmine","Oakmoss, Woody Notes, Amber",1500,628,253,143,101,1600.0,1500.0,1600.0,1400.0,1600.0,1500.0
2026-04-14,Hawas Elixir,Rasasi,arabic,https://www.fragrantica.com/perfume/Rasasi/Hawas-Elixir-110808.html,,4.54,987,unisex,Oriental Vanilla,"vanilla, aromatic, green, sweet, fresh spicy, warm spicy, amber, chocolate, lavender, powdery","Perfumers, Perfumers","Mint, Bergamot, Artemisia","Dark Chocolate, Lavender, Benzoin","Vanilla, Tonka Bean, White Musk",660,238,57,21,11,312.0,86.0,619.0,747.0,279.0,664.0
2026-04-14,Hawas Viper,Rasasi,arabic,https://www.fragrantica.com/perfume/Rasasi/Hawas-Viper-113594.html,,3.71,139,male,Oriental,"warm spicy, aromatic, tobacco, sweet, green, cannabis, coffee, fruity, herbal, musky","Perfumers, Perfumers","Saffron, cannabis, Thyme, Green Notes, Davana","Tobacco, Coffee, Cinnamon, Violet, Raspberry","Gurjan balsam, Musk, Tonka",74,18,7,12,28,,,,,,
2026-04-14,Liquid Brun Limited Edition,French Avenue,arabic,https://www.fragrantica.com/perfume/French-Avenue/Liquid-Brun-Limited-Edition-123526.html,,4.49,419,unisex,Oriental Fougere,"vanilla, citrus, amber, white floral, sweet, aromatic, warm spicy, lavender, powdery, woody","Perfumers, Perfumers","Cardamom, Lavender, Citrus","Orange Blossom, Guaiac Wood, Rose","Vanilla, Tonka, Amber, oak moss",305,61,23,15,15,143.0,26.0,235.0,296.0,153.0,256.0
2026-04-14,Grow,French Avenue,arabic,https://www.fragrantica.com/perfume/French-Avenue/Grow-123528.html,,4.1,52,unisex,Oriental Woody,"sweet, woody, vanilla, warm spicy, fruity, aromatic, fresh spicy, rose, powdery, green","Perfumers, Perfumers, Jean-Christophe Hérault","Dates, Saffron, Davana, Timur, Pear","Dates, Custard, Rose, Sandalwood, Geranium, Jasmine, Peony, Lily of the Valley","Vanilla, Dry Wood, Cypriol, Labdanum, Tonka, Musk, Immortelle, Atlas Cedar",29,11,4,4,4,15.0,5.0,25.0,31.0,11.0,25.0
2026-04-14,Opus Magnum,French Avenue,arabic,https://www.fragrantica.com/perfume/French-Avenue/Opus-Magnum-103480.html,,4.01,148,unisex,Oriental Woody,"amber, fresh spicy, balsamic, tobacco, warm spicy, aromatic, smoky, sweet, oud","Perfumers, Perfumers","Incense, Basil, Cardamon, Bergamot","Tobacco, Fenugreek, Lavender","Peru Balsam, Amber, Oud, Tonka Bean",86,25,8,10,19,33.0,19.0,77.0,91.0,31.0,73.0
2026-04-14,Royal Blend Bourbon,French Avenue,arabic,https://www.fragrantica.com/perfume/French-Avenue/Royal-Blend-Bourbon-103478.html,,3.69,215,unisex,Aromatic,"woody, warm spicy, aromatic, cinnamon, green, fresh spicy, balsamic, amber","Perfumers, Perfumers","Cinnamon, Peppermint, Bark, Basil","Bourbon Whiskey, Lavender","Oak, Peru Balsam",76,65,25,29,20,39.0,10.0,105.0,115.0,43.0,99.0
2026-04-14,Azzure Oud,French Avenue,arabic,https://www.fragrantica.com/perfume/French-Avenue/Azzure-Oud-94714.html,,3.83,1412,male,Oriental,"fruity, oud, leather, sweet, woody, tropical, amber, warm spicy, animalic, fresh","Perfumers, Perfumers","Passionfruit, Fruity Notes, Rose, Saffron","Oud, Benzoin, Patchouli","Leather, Amber, Guaiac Wood, Cedarwood, Sandalwood, Vanilla, Labdanum",643,337,134,144,154,433.0,166.0,761.0,947.0,415.0,817.0
2026-04-14,Vulcan Feu,French Avenue,arabic,https://www.fragrantica.com/perfume/French-Avenue/Vulcan-Feu-105520.html,,4.45,4272,unisex,Floral,"tropical, fruity, sweet, citrus, woody, fresh, fresh spicy, aromatic, amber, terpenic","Perfumers, Perfumers","Mango, Lemon, Ginger, Rhubarb","Pink Pepper, Jasmine, Violet, Praline","Tonka Bean, Cedarwood, Ambergris, Moss",2800,891,304,162,87,2600.0,3200.0,853.0,361.0,2800.0,1000.0
2026-04-14,Veneno,French Avenue,arabic,https://www.fragrantica.com/perfume/French-Avenue/Veneno-105519.html,,4.19,460,unisex,Aromatic Fruity,"smoky, fruity, cinnamon, tobacco, warm spicy, vanilla, sweet, fresh, green, mossy","Perfumers, Perfumers, Jean-Louis Sieuzac","Apple, Smoke, Cinnamon","Tobacco, Moss","Bourbon Vanilla, Orcanox™",242,130,39,32,17,95.0,33.0,262.0,291.0,85.0,259.0
2026-04-14,Platine Blanc,Aromatix X French Avenue,arabic,https://www.fragrantica.com/perfume/Aromatix-X-French-Avenue/Platine-Blanc-106068.html,,4.44,771,unisex,Floral,"aromatic, citrus, green, fresh spicy, woody","Perfumers, Perfumers","Mint, Lime, Tonic Water, Lemon","Rosemary, Black Currant, Jasmine","Musk, Ambergris, Sandalwood, Oakmoss",513,156,55,21,26,478.0,556.0,135.0,48.0,520.0,140.0
2026-04-14,X Xandal,Aromatix X French Avenue,arabic,https://www.fragrantica.com/perfume/Aromatix-X-French-Avenue/X-Xandal-104625.html,,4.17,538,unisex,Floral,"vanilla, patchouli, woody, rum, warm spicy, sweet, balsamic","Perfumers, Perfumers","Madagascar Vanilla, Bourbon Vanilla, Vanilla Caviar","Chocolate Truffle, Vanilla, Rum, Patchouli, Jasmine","Vanilla Absolute, Caramel, Tonka Bean, Agarwood",320,100,44,35,39,170.0,59.0,333.0,355.0,178.0,329.0
2026-04-14,Carnal Desire,Aromatix X French Avenue,arabic,https://www.fragrantica.com/perfume/Aromatix-X-French-Avenue/Carnal-Desire-99331.html,,4.11,484,unisex,Leather,"sweet, leather, oud, fruity, woody, animalic, rose, powdery, warm spicy, caramel","Perfumers, Perfumers","Raspberry, Cinnamon, Bergamot","Cotton Candy, Orris, Rose","Leather, Oud, Cedar, Patchouli, Vanilla",267,105,46,28,38,133.0,43.0,263.0,305.0,124.0,278.0
2026-04-14,Naughty Dates,Aromatix X French Avenue,arabic,https://www.fragrantica.com/perfume/Aromatix-X-French-Avenue/Naughty-Dates-122285.html,,3.73,143,unisex,Floral Fruity Gourmand,"sweet, warm spicy, coffee, woody, caramel, honey, vanilla, fruity, powdery, amber","Perfumers, Perfumers, Shinichiro Oba","Cardamon, Mandarin, Bergamot","Coffee, Dates, Honey, Ebony Wood, Hazelnut, Cinnamon","Caramel, Vanilla, Amber, Sandalwood",63,34,13,11,22,18.0,5.0,77.0,90.0,32.0,75.0
2026-04-14,Black Diamond Incense,Ibraheem AlQurashi,arabic,https://www.fragrantica.com/perfume/Ibraheem-AlQurashi/Black-Diamond-Incense-100548.html,,4.48,199,unisex,Oriental Woody,"amber, smoky, vanilla, woody, balsamic, leather, warm spicy, marine, powdery, fruity","Perfumers, Perfumers","Aquatic notes, Black Currant, Birch","Incense, Vanilla, Sandalwood","Amber, Smoke, Leather, Oud",127,49,16,5,2,82.0,41.0,96.0,129.0,61.0,120.0
2026-04-14,Blue Oud,Ibraheem AlQurashi,arabic,https://www.fragrantica.com/perfume/Ibraheem-AlQurashi/Blue-Oud-100576.html,,4.31,204,unisex,fragrance for women and men. Blue Oud was launched in 2022. Top notes are Oud and Blue Lilies; middle notes are Leather and Patchouli; base notes are Tobacco and Amber. Blue Oud is a,"oud, leather, patchouli, tobacco, amber, animalic, woody, warm spicy, sweet, floral","Perfumers, Perfumers","Oud, Blue Lilies","Leather, Patchouli","Tobacco, Amber",139,26,17,7,15,64.0,35.0,80.0,160.0,51.0,109.0
2026-04-14,Cullinan Diamond Iris,Ibraheem AlQurashi,arabic,https://www.fragrantica.com/perfume/Ibraheem-AlQurashi/Cullinan-Diamond-Iris-100547.html,,4.41,159,unisex,Floral Fruity,"woody, citrus, fruity, iris, sweet, earthy, powdery, aromatic, fresh spicy, white floral","Perfumers, Perfumers","Pineapple, Grapefruit","Bergamot, Jasmine, Patchouli","Iris, Cedarwood, Pine, Oakmoss",97,39,17,3,3,94.0,115.0,57.0,35.0,97.0,54.0
2026-04-14,Rose Tobacco Happiness Dose,Ibraheem AlQurashi,arabic,https://www.fragrantica.com/perfume/Ibraheem-AlQurashi/Rose-Tobacco-Happiness-Dose-100581.html,,4.46,71,unisex,Oriental Spicy,"amber, warm spicy, tobacco, vanilla, sweet, rose, powdery, balsamic, smoky, woody","Perfumers, Perfumers","Rose, Incense, Clove, Saffron","Amber, Sandalwood, Caramel, Leather","Tobacco, Vanilla, Tonka, Musk, Oakmoss",42,21,7,1,0,25.0,8.0,38.0,47.0,17.0,42.0
2026-04-14,Arabian Tobacco,Ibraheem AlQurashi,arabic,https://www.fragrantica.com/perfume/Ibraheem-AlQurashi/Arabian-Tobacco-100550.html,,4.31,190,unisex,Oriental,"sweet, warm spicy, coffee, tobacco, smoky, amber","Perfumers, Perfumers","Tobacco, Saffron, Iris","Salted Caramel Fudge, Tonka, Rose","Coffee, Smoke, Patchouli, Amber, Musk",112,46,17,9,6,44.0,20.0,90.0,129.0,45.0,113.0
2026-04-14,French Tobacco,Ibraheem AlQurashi,arabic,https://www.fragrantica.com/perfume/Ibraheem-AlQurashi/French-Tobacco-100552.html,,4.45,398,unisex,Aromatic Fougere,"citrus, fresh spicy, fresh, fruity, woody","Perfumers, Perfumers","Mandarin, Blood Orange, Green Apple","Ginger, Neroli, Cinnamon, Tobacco","Lemongrass, Frankincense, Guaiac Wood, Iris",252,96,33,13,4,226.0,305.0,148.0,59.0,277.0,113.0
2026-04-14,Mexican Tobacco,Ibraheem AlQurashi,arabic,https://www.fragrantica.com/perfume/Ibraheem-AlQurashi/Mexican-Tobacco-100563.html,,4.31,189,unisex,Oriental,"tobacco, sweet, warm spicy, amber, floral, chocolate, woody, rose, cinnamon, fresh","Perfumers, Perfumers","Dark Chocolate, Cedarwood","Lilac, Cinnamon","Tobacco, Amber, Rose",105,54,21,1,8,49.0,17.0,90.0,125.0,35.0,112.0
2026-04-14,Club de Nuit Intense Man,Armaf,arabic,https://www.fragrantica.com/perfume/Armaf/Club-de-Nuit-Intense-Man-34696.html,,4.09,26371,male,Woody Spicy,"citrus, fruity, leather, smoky, woody, aromatic, sweet, fresh, musky","Perfumers, Perfumers","Lemon, Pineapple, Bergamot, Black Currant, Apple","Birch, Jasmine, Rose","Musk, Ambergris, Patchouli, Vanilla",12200,8400,2700,2000,1000,14800.0,14300.0,12900.0,8700.0,14700.0,12900.0
2026-04-14,Club de Nuit Intense,Armaf,arabic,https://www.fragrantica.com/perfume/Armaf/Club-de-Nuit-Intense-27656.html,,4.11,3341,female,Chypre Floral,"rose, fresh spicy, warm spicy, patchouli, oud, vanilla, woody, floral, amber, powdery","Perfumers, Perfumers","Rose, Saffron, Geranium","Nutmeg, Pepper, Violet, Caraway","Patchouli, Agarwood (Oud), Vanilla, Amber",1500,1100,252,331,84,600.0,257.0,1500.0,1500.0,726.0,1500.0
2026-04-14,Club de Nuit Milestone,Armaf,arabic,https://www.fragrantica.com/perfume/Armaf/Club-de-Nuit-Milestone-64104.html,,3.94,4520,unisex,Woody Floral Musk,"marine, aromatic, woody, powdery, musky, fruity, violet, citrus, amber, salty","Perfumers, Perfumers","Sea Notes, Red Fruits, Bergamot","Violet, White Woods, Sandalwood","Musk, Ambroxan, Vetiver",1900,1400,618,391,241,2600.0,2900.0,988.0,390.0,2700.0,933.0
2026-04-14,Tres Nuit,Armaf,arabic,https://www.fragrantica.com/perfume/Armaf/Tres-Nuit-27711.html,,4.13,3323,male,Aromatic Spicy,"powdery, violet, lavender, woody, iris, citrus, amber, aromatic, floral, animalic","Perfumers, Perfumers","Iris, Lemon, Vervain","Lavender, Violet, Spicy Notes","Ambergris, Sandalwood",1400,1300,322,267,47,1900.0,1800.0,1000.0,295.0,1900.0,698.0
2026-04-14,Vitesse Carbon,Armaf,arabic,https://www.fragrantica.com/perfume/Armaf/Vitesse-Carbon-50322.html,,4.17,30,male,Aromatic Spicy,"aromatic, citrus, powdery, violet, iris, lavender, woody, herbal, leather, animalic","Perfumers, Perfumers","Iris, Bergamot, Sage, Lemon Verbena, Lemon","Lavender, Violet, Spices","Leather, Ambergris, Vetiver, Sandalwood",11,14,4,1,0,11.0,3.0,12.0,6.0,8.0,10.0
2026-04-14,Hunter Intense,Armaf,arabic,https://www.fragrantica.com/perfume/Armaf/Hunter-Intense-50327.html,,4.26,1148,male,Woody Aromatic,"citrus, fresh spicy, aromatic, lavender, warm spicy","Perfumers, Perfumers","Bergamot, Pomelo, Mandarin Orange, Lemon","Lavender, Geranium, Ylang Ylang, Tuberose","Black Pepper, Cardamom",551,423,106,53,15,678.0,688.0,575.0,260.0,698.0,522.0
2026-04-14,Legesi Homme,Armaf,arabic,https://www.fragrantica.com/perfume/Armaf/Legesi-Homme-52265.html,,4.37,931,male,Woody Aromatic,"aromatic, woody, lavender, fresh spicy, herbal, powdery, musky, green","Perfumers, Perfumers","Lavender, Rosemary, Petitgrain","Sage, Jasmine, Galbanum, Rose","Sandalwood, Musk, Cedar, Oakmoss",523,284,77,36,11,608.0,577.0,528.0,222.0,601.0,299.0
2026-04-14,Amber Oud Gold Edition,Al Haramain,arabic,https://www.fragrantica.com/perfume/Al-Haramain-Perfumes/Amber-Oud-Gold-Edition-51816.html,,4.27,5210,unisex,Oriental Vanilla,"sweet, fruity, ozonic, powdery, vanilla, musky, fresh, amber, aquatic, citrus","Perfumers, Perfumers","Bergamot, Green Notes","Melon, Pineapple, Amber, Gourmand Accord","Vanilla, Musk, Woody Notes",2900,1400,446,294,158,2800.0,2500.0,2600.0,2300.0,2800.0,2500.0
2026-04-14,L'Aventure,Al Haramain,arabic,https://www.fragrantica.com/perfume/Al-Haramain-Perfumes/L-Aventure-40405.html,,4.17,2693,male,Chypre Fruity,"citrus, aromatic, woody, musky, fresh spicy, white floral, powdery","Perfumers, Perfumers","Lemon, Bergamot, elemi","Woody Notes, Jasmine, Lily-of-the-Valley","Musk, Patchouli, Amber",1300,942,243,197,53,1500.0,1500.0,1100.0,548.0,1500.0,926.0
2026-04-14,L'Aventure Knight,Al Haramain,arabic,https://www.fragrantica.com/perfume/Al-Haramain-Perfumes/L-Aventure-Knight-51824.html,,3.99,866,male,Oriental Fougere,"powdery, citrus, ozonic, iris, woody, amber, green, musky, aquatic, animalic","Perfumers, Perfumers","Lemon Verbena, Bergamot, Tea","Violet Leaf, Iris","Powdery Notes, Ambergris, Musk, Sandalwood",352,299,102,82,31,528.0,475.0,344.0,133.0,509.0,270.0
2026-04-14,Detour Noir,Al Haramain,arabic,https://www.fragrantica.com/perfume/Al-Haramain-Perfumes/D-tour-Noir-70748.html,,4.29,4802,unisex,Oriental Spicy,"vanilla, woody, warm spicy, fresh spicy, powdery, aromatic, fruity, lavender, fresh, citrus","Perfumers, Perfumers","Apple, Lavender, Jasmine, Violet","Vanilla, Patchouli, Bergamot, Mandarin Orange","Sandalwood, Cardamom, Pepper, Guaiac Wood, Geranium",2700,1300,448,226,119,2600.0,892.0,3100.0,3100.0,2500.0,2900.0
2026-04-14,9pm,Afnan,arabic,https://www.fragrantica.com/perfume/Afnan/9pm-65414.html,,4.36,16362,male,Oriental Vanilla,"vanilla, amber, warm spicy, fruity, sweet, cinnamon, lavender, aromatic, fresh, powdery","Perfumers, Perfumers","Apple, Cinnamon, Wild Lavender, Bergamot","Orange Blossom, Lily-of-the-Valley","Vanilla, Tonka Bean, Amber, Patchouli",9300,4800,1400,524,342,,,,,,
2026-04-14,9 PM Night Out,Afnan,arabic,https://www.fragrantica.com/perfume/Afnan/9-PM-Night-Out-123313.html,,4.41,1054,unisex,Oriental Spicy,"woody, warm spicy, fruity, sweet, aromatic, tropical, lavender, floral, vanilla, amber","Perfumers, Perfumers, Imran Fazlani, Quentin Roussel","Pitahaya, Lavender, Cognac, Apple, Bergamot","Toffee, Suede, Cardamom, Cedar, Mahonial","Tonka Bean, Ambrofix™, Akigalawood, Patchouli",709,181,85,46,33,638.0,343.0,619.0,716.0,301.0,717.0
2026-04-14,9am,Afnan,arabic,https://www.fragrantica.com/perfume/Afnan/9am-70706.html,,3.68,388,female,,"citrus, musky, aromatic, woody, warm spicy, lavender, mossy, earthy, powdery, fruity","Perfumers, Perfumers","Lemon, Mandarin Orange, Cardamom, Pink Pepper","Lavender, Orange Blossom, Green Apple, Rose","Musk, Moss, Cedar, Patchouli",111,137,70,44,26,206.0,229.0,87.0,36.0,226.0,44.0
2026-04-14,Supremacy Silver,Afnan,arabic,https://www.fragrantica.com/perfume/Afnan/Supremacy-Silver-27352.html,,4.06,2254,male,Woody Floral Musk,"fruity, leather, woody, sweet, smoky, citrus, musky, mossy, tropical, fresh","Perfumers, Perfumers, Imran Fazlani","Pineapple, Black Currant, Bergamot, Apple","Birch, Patchouli, Moroccan Jasmine, Rose","Musk, Oakmoss, Ambergris, Vanilla",953,798,246,198,59,,,,,,
2026-04-14,Supremacy Gold,Afnan,arabic,https://www.fragrantica.com/perfume/Afnan/Supremacy-Gold-27351.html,,3.83,248,unisex,Oriental,"amber, powdery, fresh spicy, floral, violet, vanilla, iris, oud, warm spicy, woody","Perfumers, Perfumers","Nutmeg, Violet, Peach Blossom, Cumin","Iris, Patchouli","Amber, Vanilla, Agarwood (Oud), Benzoin",87,80,40,33,8,96.0,49.0,121.0,105.0,82.0,98.0
2026-04-14,9 PM Rebel,Afnan,arabic,https://www.fragrantica.com/perfume/Afnan/9-PM-Rebel-99238.html,,4.29,2620,unisex,Aromatic Fruity,"fruity, sweet, woody, tropical, fresh, amber, mossy, caramel, powdery, vanilla","Perfumers, Perfumers, Gaël Montero","Pineapple, Granny Smith apple, Mandarin","Oakmoss, Cedarwood, Vanilla","Dry Wood, Ambergris, Caramel, Musk",1500,634,224,122,100,1500.0,1200.0,1500.0,1400.0,1400.0,1500.0
2026-04-14,Turathi Electric,Afnan,arabic,https://www.fragrantica.com/perfume/Afnan/Turathi-Electric-108244.html,,4.09,1182,unisex,Floral Fruity,"citrus, fruity, sweet, musky, powdery, white floral, fresh, fresh spicy, aquatic, green","Perfumers, Perfumers, Imran Fazlani","Pear, Pink Grapefruit, Mandarin Orange, Bergamot","Orange Blossom, Apple, Cedarwood","Musk, Amber, Vanilla",547,367,137,91,40,678.0,767.0,270.0,95.0,705.0,229.0
2026-04-14,Shaghaf Oud,Swiss Arabian,arabic,https://www.fragrantica.com/perfume/Swiss-Arabian/Shaghaf-Oud-50582.html,,4.07,3887,unisex,Oriental,"sweet, oud, vanilla, rose, warm spicy, lactonic, nutty, metallic, powdery, floral","Perfumers, Perfumers",Saffron,"Agarwood (Oud), Rose","Agarwood (Oud), Praline, Vanilla",1900,1100,392,325,182,597.0,299.0,1900.0,2200.0,941.0,2000.0
2026-04-14,Shaghaf Oud Abyad,Swiss Arabian,arabic,https://www.fragrantica.com/perfume/Swiss-Arabian/Shaghaf-Oud-Abyad-54282.html,,4.05,1174,unisex,Woody Spicy,"amber, smoky, fresh spicy, warm spicy, woody, balsamic, aromatic, oud, sweet","Perfumers, Perfumers","Oregano, Pimento Seeds, Bergamot","Myrrh, Opoponax, Olibanum, Amber, Citruses","Smoke, Agarwood (Oud), Leather, Sandalwood, Patchouli",547,357,107,112,51,245.0,105.0,567.0,656.0,319.0,561.0
2026-04-14,Casablanca,Swiss Arabian,arabic,https://www.fragrantica.com/perfume/Swiss-Arabian/Casablanca-42181.html,,4.15,1945,unisex,Oriental,"fruity, caramel, woody, amber, sweet, musky, powdery, balsamic, fresh, green","Perfumers, Perfumers","Apple, Grapes","White Woods, Patchouli, Iris","Caramel, Amber, Suede, Musk, Peru Balsam",933,597,236,130,49,609.0,356.0,876.0,749.0,744.0,580.0
2026-04-14,Enigma of Taif,Swiss Arabian,arabic,https://www.fragrantica.com/perfume/Swiss-Arabian/Enigma-of-Taif-117521.html,,4.54,134,unisex,Floral Woody Musk,"amber, woody, rose, aromatic, warm spicy, sweet, fruity, fresh spicy, powdery, floral","Perfumers, Perfumers, Shinichiro Oba","elemi, Plum, Pink Pepper, Black Pepper, Cardamom","Taif Rose, Saffron, Osmanthus, Violet, Olibanum","Oak Tree, Amber, Molasses, Labdanum, Vetiver",99,21,5,5,4,85.0,45.0,81.0,90.0,72.0,84.0
2026-04-14,Incense 01,Swiss Arabian,arabic,https://www.fragrantica.com/perfume/Swiss-Arabian/Incense-01-102415.html,,4.36,487,unisex,Woody Spicy,"woody, fresh spicy, amber, aromatic, sweet, warm spicy, nutty, fruity, powdery, vanilla","Perfumers, Perfumers","Frankincense, Juniper, Rum, Bergamot","Fig, Hazelnut, Roasted Nuts, Almond, Lily of the Valley","Frankincense, Dark Chocolate, Vanilla, Sandalwood, Cedarwood, Moss",313,96,37,22,19,192.0,68.0,293.0,300.0,180.0,279.0
2026-04-14,Vanilla 01,Swiss Arabian,arabic,https://www.fragrantica.com/perfume/Swiss-Arabian/Vanilla-01-117520.html,,3.98,252,female,Oriental Vanilla,"white floral, vanilla, sweet, powdery, tuberose, coffee, musky, woody, caramel, animalic","Perfumers, Perfumers, Honorine Blanc","Orange Blossom, Coconut, Pink Pepper","Tuberose, Cappuccino, Indian Jasmine, Caramel","Bourbon Vanilla, Sandalwood, Musk, Tonka Bean",115,65,37,22,13,98.0,43.0,125.0,134.0,107.0,114.0
2026-04-14,Shaghaf Vanilla Toffee,Swiss Arabian,arabic,https://www.fragrantica.com/perfume/Swiss-Arabian/Shaghaf-Vanilla-Toffee-98548.html,,3.62,602,unisex,Oriental Vanilla,"sweet, vanilla, warm spicy, woody, coffee, nutty, amber","Perfumers, Perfumers","Toffee, Coffee","Vanilla, Walnut, Dates, Milk, Cardamom","Brown sugar, Madagascar Vanilla, Woody Notes, Vanilla Caviar, Tonka Bean, Benzoin, Musk",245,121,68,97,71,85.0,30.0,262.0,316.0,154.0,219.0
2026-04-14,Saffron Oud,Arabian Oud,arabic,https://www.fragrantica.com/perfume/Arabian-Oud/Saffron-Oud-91547.html,,4.7,79,unisex,,,"Perfumers, Perfumers",,,,59,17,2,1,0,30.0,16.0,40.0,49.0,28.0,46.0
2026-04-14,Evoke Gold For Him,Ajmal,arabic,https://www.fragrantica.com/perfume/Ajmal/Evoke-Gold-For-Him-51252.html,,4.39,707,male,Woody Aromatic,"iris, fresh spicy, woody, powdery, earthy, aromatic, amber, warm spicy, white floral, citrus","Perfumers, Perfumers","Neroli, Pepper","Orris Root, Amber, Geranium","Cedar, Patchouli",407,210,56,25,9,460.0,380.0,438.0,243.0,438.0,284.0
2026-04-14,Kuro,Ajmal,arabic,https://www.fragrantica.com/perfume/Ajmal/Kuro-51250.html,,4.16,411,male,Aromatic Spicy,"fresh spicy, aromatic, amber, lavender, citrus, warm spicy, woody, animalic, patchouli, earthy","Perfumers, Perfumers","Pepper, Ambergris, Lavender, Bergamot, Patchouli, Vetiver, Geranium",,,182,146,58,18,7,256.0,240.0,211.0,128.0,249.0,188.0
2026-04-14,Amber Wood,Ajmal,arabic,https://www.fragrantica.com/perfume/Ajmal/Amber-Wood-26016.html,,4.14,1155,unisex,Oriental Woody,"woody, amber, warm spicy, fresh spicy, aromatic, patchouli, powdery, lavender, fruity","Perfumers, Perfumers","Cardamom, Apple, Lavender, White Pepper","Cedar, Orris","Amber, Woody Notes, Patchouli",563,359,101,101,31,234.0,126.0,466.0,446.0,269.0,419.0
2026-04-14,Aurum,Ajmal,arabic,https://www.fragrantica.com/perfume/Ajmal/Aurum-14028.html,,3.75,936,female,Floral Fruity,"white floral, fruity, sweet, powdery, citrus, vanilla, musky, amber, animalic","Perfumers, Perfumers","Raspberry, Lemon","Fruity Notes, Gardenia, Orange Blossom, Jasmine, Spicy Notes","Powdery Notes, Vanilla, Musk, Amber, Woody Notes",211,460,91,165,9,175.0,158.0,224.0,152.0,251.0,145.0
