scrape_date,name,brand,category,fragrantica_url,year_raw,gender_raw,fragrance_family,rating_raw,votes_raw,top_notes_raw,middle_notes_raw,base_notes_raw,main_accords_raw,perfumers,votes_love_raw,votes_like_raw,votes_ok_raw,votes_dislike_raw,votes_hate_raw,season_spring_raw,season_summer_raw,season_fall_raw,season_winter_raw,wear_day_raw,wear_night_raw
2026-04-14,Sauvage,Dior,designer,https://www.fragrantica.com/perfume/Dior/Sauvage-31861.html,2015,male,Aromatic Fougere,3.86,"31,880","Calabrian bergamot, Pepper","Sichuan Pepper, Lavender, Pink Pepper, Vetiver, Patchouli, Geranium, elemi","Ambroxan, Cedar, Labdanum","fresh spicy, amber, citrus, aromatic, musky, woody, lavender, herbal, warm spicy","Perfumers, Perfumers, François Demachy",12400,10300,3200,4300,1700,14200.0,13200.0,13200.0,9600.0,14100.0,12800.0
2026-04-14,Sauvage Elixir,Dior,designer,https://www.fragrantica.com/perfume/Dior/Sauvage-Elixir-68415.html,2021,male,Aromatic,4.31,"17,772","Nutmeg, Cinnamon, Cardamom, Grapefruit",Lavender,"Licorice, Sandalwood, Amber, Patchouli, Haitian Vetiver","warm spicy, fresh spicy, woody, aromatic, lavender, soft spicy, cinnamon, amber, powdery, balsamic","Perfumers, Perfumers, François Demachy",11300,3400,1300,1000,809,5900.0,2400.0,10200.0,11600.0,5400.0,10500.0
2026-04-14,Sauvage EDP,Dior,designer,https://www.fragrantica.com/perfume/Dior/Sauvage-Eau-de-Parfum-48100.html,2018,male,Oriental Fougere,4.21,"13,727",Bergamot,"Sichuan Pepper, Lavender, Star Anise, Nutmeg","Ambroxan, Vanilla","fresh spicy, citrus, amber, lavender, musky, aromatic, herbal, anis, soft spicy, floral","Perfumers, Perfumers, François Demachy",7100,4100,1100,994,371,7300.0,6000.0,7400.0,6800.0,6900.0,7300.0
2026-04-14,Oud Ispahan,Dior,designer,https://www.fragrantica.com/perfume/Dior/Oud-Ispahan-15231.html,2012,unisex,Oriental Floral,4.08,"2,578",Labdanum,"Rose, Patchouli, Saffron","Agarwood (Oud), Sandalwood, Cedar","oud, rose, woody, warm spicy, amber, patchouli, balsamic, floral, powdery","Perfumers, Perfumers, François Demachy",1300,701,163,322,95,355.0,169.0,819.0,964.0,427.0,922.0
2026-04-14,Fahrenheit,Dior,designer,https://www.fragrantica.com/perfume/Dior/Fahrenheit-228.html,1988,male,Aromatic Fougere,4.00,"22,012","Nutmeg Flower, Lavender, Cedar, Mandarin Orange, Chamomile, Bergamot, Hawthorn, Lemon","Violet Leaf, Nutmeg, Cedar, Sandalwood, Carnation, Honeysuckle, Jasmine, Lily-of-the-Valley","Leather, Vetiver, Musk, Amber, Patchouli, Tonka Bean","leather, woody, ozonic, fresh spicy, aromatic, animalic, aquatic, floral, citrus, green","Perfumers, Perfumers, Jean-Louis Sieuzac, Maurice Roger, Michel Almairac",10600,6100,984,3300,976,4400.0,2200.0,7900.0,8000.0,5500.0,7900.0
2026-04-14,Dior Homme Intense 2025,Dior,designer,https://www.fragrantica.com/perfume/Dior/Dior-Homme-Intense-2025-101596.html,2025,male,Oriental Woody,4.10,"1,803",Tuscan Iris,Ambrette,Virginia Cedar,"iris, woody, powdery, musky, violet, floral, earthy","Perfumers, Perfumers",1100,329,133,86,192,423.0,132.0,861.0,957.0,435.0,848.0
2026-04-14,Miss Dior EDP 2021,Dior,designer,https://www.fragrantica.com/perfume/Dior/Miss-Dior-Eau-de-Parfum-2021--68905.html,2021,female,Oriental Floral,3.89,"6,630","Iris, Peony, Lily-of-the-Valley","Rose, Apricot, Peach","Vanilla, Musk, Tonka Bean, Sandalwood, Benzoin","powdery, vanilla, rose, floral, fruity, sweet, fresh, iris, musky, amber","Perfumers, Perfumers, François Demachy",2400,2200,1100,711,195,2700.0,1600.0,1600.0,1200.0,2600.0,1000.0
2026-04-14,J'adore,Dior,designer,https://www.fragrantica.com/perfume/Dior/J-adore-210.html,1999,female,Floral Fruity,3.80,"28,776","Pear, Melon, Magnolia, Peach, Mandarin Orange, Bergamot","Jasmine, Lily-of-the-Valley, Tuberose, Freesia, Rose, Orchid, Violet, Plum","Musk, Vanilla, Cedar, Blackberry","white floral, floral, fruity, sweet, fresh, citrus, aquatic, powdery, ozonic, tuberose","Perfumers, Perfumers, Calice Becker",9000,11600,2000,5700,488,8100.0,4900.0,5800.0,4200.0,8700.0,5500.0
2026-04-14,Ambre Nuit,Dior,designer,https://www.fragrantica.com/perfume/Dior/Ambre-Nuit-48395.html,2018,unisex,Oriental,4.38,"2,017","Amber, Turkish Rose",,,"amber, rose, floral, animalic, powdery","Perfumers, Perfumers, François Demachy",1200,542,147,101,27,549.0,262.0,901.0,839.0,558.0,845.0
2026-04-14,Gris Dior,Dior,designer,https://www.fragrantica.com/perfume/Dior/Gris-Dior-48387.html,2017,unisex,Floral,4.21,"3,547","Oakmoss, Rose, Patchouli, Bergamot, Cedar, Amber, Sandalwood",,,"woody, earthy, mossy, rose, patchouli, citrus, warm spicy, amber, powdery, floral","Perfumers, Perfumers, François Demachy",1800,1100,381,201,95,1400.0,960.0,1400.0,1000.0,1400.0,1000.0
2026-04-14,Aventus,Creed,designer,https://www.fragrantica.com/perfume/Creed/Aventus-9828.html,2010,male,Chypre Fruity,4.32,"26,304","Bergamot, Black Currant, Apple, Lemon, Pink Pepper","Pineapple, Patchouli, Moroccan Jasmine","Birch, Musk, oak moss, Cedarwood, Ambroxan","fruity, sweet, woody, leather, citrus, smoky, musky, tropical, fresh, mossy","Perfumers, Perfumers, Erwin Creed, Jean-Christophe Hérault",15500,6600,1900,1700,574,12100.0,12400.0,9300.0,5500.0,12400.0,8500.0
2026-04-14,Silver Mountain Water,Creed,designer,https://www.fragrantica.com/perfume/Creed/Silver-Mountain-Water-472.html,1995,unisex,Aromatic,4.16,"10,431","Bergamot, Mandarin Orange","Green Tea, Black Currant","Musk, Sandalwood, Petitgrain, Galbanum","citrus, green, fruity, musky, woody, aromatic, powdery, fresh spicy, fresh, floral","Perfumers, Perfumers, Olivier Creed, Pierre Bourdon",5000,3400,987,918,158,4600.0,4600.0,1600.0,990.0,4600.0,1200.0
2026-04-14,Green Irish Tweed,Creed,designer,https://www.fragrantica.com/perfume/Creed/Green-Irish-Tweed-474.html,1985,male,Woody Floral Musk,4.30,"11,635","Iris, Vervain",Violet Leaf,"Ambergris, Sandalwood","ozonic, aquatic, iris, powdery, woody, amber, animalic, violet, balsamic, green","Perfumers, Perfumers, Olivier Creed, Pierre Bourdon",6700,3100,764,973,171,5800.0,4800.0,3500.0,1400.0,5500.0,2400.0
2026-04-14,Millesime Imperial,Creed,designer,https://www.fragrantica.com/perfume/Creed/Millesime-Imperial-466.html,1995,unisex,Woody Floral Musk,4.23,"7,077","Sea Salt, Fruity Notes","Sicilian Lemon, Bergamot, Iris, Mandarin Orange","Sea Notes, Musk, Woody Notes","marine, citrus, salty, fruity, aromatic, powdery, musky, sweet, woody, iris","Perfumers, Perfumers, Olivier Creed, Pierre Bourdon",3600,2200,553,592,81,2700.0,3400.0,874.0,361.0,3200.0,944.0
2026-04-14,Viking,Creed,designer,https://www.fragrantica.com/perfume/Creed/Viking-41698.html,2017,male,Woody Aromatic,3.96,"4,101","Pink Pepper, Peppermint, Bergamot, Lemon, Absinthe, Orange","Lavender, Bulgarian Rose, Clove, Allspice, Orris Root, Jasmine","Vetiver, Cedar, White Musk, Tonka Bean","aromatic, fresh spicy, green, citrus, soft spicy, lavender, woody, rose, musky, warm spicy","Perfumers, Perfumers, Olivier Creed",1800,1200,457,572,108,1700.0,1200.0,1700.0,1300.0,1800.0,1200.0
2026-04-14,Aventus Cologne,Creed,designer,https://www.fragrantica.com/perfume/Creed/Aventus-Cologne-51692.html,2018,male,Aromatic Fruity,4.33,"3,239","Mandarin Orange, Ginger, Pink Pepper, Bergamot, Spearmint","Vetiver, Patchouli, Sandalwood, Ozonic notes","Musk, Birch, Tonka Bean, Styrax, Cedar","citrus, woody, musky, leather, fresh spicy, powdery, smoky, aromatic, earthy, sweet","Perfumers, Perfumers, Olivier Creed",1900,798,230,224,56,1600.0,1800.0,860.0,304.0,1700.0,697.0
2026-04-14,Royal Oud,Creed,designer,https://www.fragrantica.com/perfume/Creed/Royal-Oud-12317.html,2011,unisex,Oriental Fougere,4.36,"5,496","Pink Pepper, Lemon, Sicilian Bergamot","Cedar, Angelica, Galbanum","Sandalwood, Agarwood (Oud), Musk","woody, musky, powdery, citrus, aromatic, soft spicy, oud, green, amber","Perfumers, Perfumers, Julien Rasquinet, Olivier Creed",3300,1500,310,404,59,1700.0,695.0,2400.0,2200.0,1800.0,2100.0
2026-04-14,Wind Flowers,Creed,designer,https://www.fragrantica.com/perfume/Creed/Wind-Flowers-70182.html,2021,female,Floral,3.61,"1,017","Jasmine, Orange Blossom, Peach","Jasmine Sambac, Tuberose, Rose","Musk, Orange Blossom, Praline, Iris, Sandalwood","white floral, sweet, powdery, musky, tuberose, rose, woody, iris, animalic, fruity","Perfumers, Perfumers, Olivier Creed",317,278,201,153,68,350.0,271.0,174.0,100.0,332.0,133.0
2026-04-14,Le Male,Jean Paul Gaultier,designer,https://www.fragrantica.com/perfume/Jean-Paul-Gaultier/Le-Male-430.html,1995,female,Oriental Fougere,4.00,"24,153","Lavender, Mint, Cardamom, Bergamot, Artemisia","Cinnamon, Orange Blossom, Caraway","Vanilla, Tonka Bean, Amber, Sandalwood, Cedar","aromatic, vanilla, fresh spicy, lavender, warm spicy, green, powdery, sweet, amber, woody","Perfumers, Perfumers, Francis Kurkdjian",9800,8800,1900,3200,458,8500.0,5600.0,9400.0,9600.0,9100.0,9500.0
2026-04-14,Ultra Male,Jean Paul Gaultier,designer,https://www.fragrantica.com/perfume/Jean-Paul-Gaultier/Ultra-Male-30947.html,2015,male,Oriental Fougere,4.45,"16,731","Pear, Lavender, Mint, Bergamot, Lemon","Cinnamon, Clary Sage, Caraway","Black Vanilla Husk, Amber, Patchouli, Cedar","vanilla, fruity, aromatic, sweet, cinnamon, warm spicy, fresh spicy, lavender, powdery, green","Perfumers, Perfumers, Francis Kurkdjian",10700,4100,828,871,202,5600.0,2700.0,9200.0,10400.0,4000.0,10400.0
2026-04-14,Le Male Le Parfum,Jean Paul Gaultier,designer,https://www.fragrantica.com/perfume/Jean-Paul-Gaultier/Le-Male-Le-Parfum-61856.html,2020,male,Oriental,4.60,"25,603",Cardamom,"Lavender, Iris","Vanilla, Oriental notes, Woodsy Notes","warm spicy, vanilla, lavender, aromatic, powdery, iris, woody, amber, violet","Perfumers, Perfumers, Natalie Gracia-Cetto, Quentin Bisch",18800,4600,1200,577,377,7900.0,2800.0,16200.0,18800.0,7200.0,16800.0
2026-04-14,Classique,Jean Paul Gaultier,designer,https://www.fragrantica.com/perfume/Jean-Paul-Gaultier/Classique-427.html,1993,female,Oriental Floral,3.92,"12,440","Orange Blossom, Star Anise, Rose, Mandarin Orange, Pear, Bergamot","Ylang-Ylang, Ginger, Orchid, Tuberose, Iris, Plum","Vanilla, Amber, Musk, Cinnamon, Sandalwood","white floral, sweet, powdery, citrus, vanilla, soft spicy, floral, anis, woody, yellow floral","Perfumers, Perfumers, Jacques Cavallier Belletrud",4700,4700,507,2300,169,1700.0,1100.0,3100.0,3300.0,2400.0,3500.0
2026-04-14,Classique Autumn Winter,Jean Paul Gaultier,designer,https://www.fragrantica.com/perfume/Jean-Paul-Gaultier/Classique-Autumn-Winter-2844.html,2006,female,Oriental Floral,4.22,32,"Star Anise, Rose","African Orange Flower, Ginger","Vanilla, Amber","soft spicy, anis, rose, white floral, vanilla, floral, powdery, citrus, fresh spicy, amber","Perfumers, Perfumers",13,16,0,3,0,3.0,3.0,6.0,12.0,7.0,12.0
2026-04-14,Classique Intense Collector Glam,Jean Paul Gaultier,designer,https://www.fragrantica.com/perfume/Jean-Paul-Gaultier/Classique-Intense-Collector-Glam-Edition-32041.html,2015,female,Oriental Floral,4.07,27,"Pomegranate, Tiare Flower","Orange Blossom, Jasmine, Rose","Vanilla, Patchouli","white floral, woody, vanilla, fruity, sweet","Perfumers, Perfumers",16,5,0,4,2,2.0,1.0,6.0,5.0,3.0,10.0
2026-04-14,Scandal Pour Homme,Jean Paul Gaultier,designer,https://www.fragrantica.com/perfume/Jean-Paul-Gaultier/Scandal-Pour-Homme-68074.html,2021,male,Oriental Woody,4.27,"6,998","Mandarin Orange, Clary Sage","Caramel, Tonka Bean",Vetiver,"caramel, aromatic, sweet, citrus, vanilla, amber, soft spicy, woody","Perfumers, Perfumers, Christophe Raynaud, Natalie Gracia-Cetto, Quentin Bisch",3900,1900,641,365,193,2300.0,947.0,4000.0,4400.0,2100.0,4100.0
2026-04-14,Le Male Elixir,Jean Paul Gaultier,designer,https://www.fragrantica.com/perfume/Jean-Paul-Gaultier/Le-Male-Elixir-81642.html,2023,male,Oriental Fougere,4.52,"23,518","Lavender, Mint","Vanilla, Benzoin","Honey, Tonka Bean, Tobacco","vanilla, sweet, honey, aromatic, amber, lavender, tobacco, green, fresh spicy, powdery","Perfumers, Perfumers, Quentin Bisch",16800,4100,1300,746,579,5000.0,2300.0,14000.0,18000.0,6500.0,14900.0
2026-04-14,Black Afgano,Nasomatto,designer,https://www.fragrantica.com/perfume/Nasomatto/Black-Afgano-6472.html,2009,unisex,Woody Aromatic,4.06,"12,067","cannabis, Green Notes, Davana, Saffron, Thyme","Resins, Woodsy Notes, Tobacco, Coffee, Cinnamon, Violet, Raspberry","Agarwood (Oud), Incense, Amber, Animal notes, Guaiac Wood, Musk, Tonka, Cedar, Gurjan balsam, Ambroxan, Vanilla","amber, smoky, woody, oud, cannabis, balsamic, green, aromatic, warm spicy, tobacco","Perfumers, Perfumers, Alessandro Gualtieri",5900,3400,888,1400,516,1500.0,855.0,4400.0,5000.0,1800.0,4800.0
2026-04-14,Pardon,Nasomatto,designer,https://www.fragrantica.com/perfume/Nasomatto/Pardon-12130.html,2011,male,fragrance for men. Pardon was launched in 2011. The nose behind this,4.27,"4,207","Magnolia, Flowers","Dark Chocolate, Tonka Bean, Cinnamon","Agarwood (Oud), Sandalwood","warm spicy, oud, chocolate, woody, sweet, floral, cinnamon, vanilla, powdery, cacao","Perfumers, Perfumers, Alessandro Gualtieri",2300,1200,341,305,56,688.0,234.0,1800.0,1900.0,996.0,1700.0
2026-04-14,Duro,Nasomatto,designer,https://www.fragrantica.com/perfume/Nasomatto/Duro-4291.html,2008,male,Woody Chypre,4.20,"2,991","Woodsy Notes, Leather, Spices",,,"woody, leather, warm spicy, animalic, smoky","Perfumers, Perfumers, Alessandro Gualtieri",1500,972,274,245,37,504.0,190.0,1200.0,1100.0,670.0,1100.0
2026-04-14,China White,Nasomatto,designer,https://www.fragrantica.com/perfume/Nasomatto/China-White-4290.html,2008,female,Floral Woody Musk,3.92,"1,554","Powdery Notes, Musk, Woodsy Notes, Floral Notes, Rose",,,"powdery, floral, musky, woody, rose","Perfumers, Perfumers, Alessandro Gualtieri",570,584,147,214,39,383.0,188.0,419.0,316.0,413.0,298.0
2026-04-14,Narcotic Venus,Nasomatto,designer,https://www.fragrantica.com/perfume/Nasomatto/Narcotic-Venus-4292.html,2008,female,Floral,4.10,"4,299","Tuberose, Lily, Jasmine, Spices",,,"white floral, tuberose, animalic, green, soft spicy","Perfumers, Perfumers, Alessandro Gualtieri",1900,1500,368,446,71,1400.0,926.0,871.0,591.0,1200.0,856.0
2026-04-14,Baraonda,Nasomatto,designer,https://www.fragrantica.com/perfume/Nasomatto/Baraonda-40200.html,2016,unisex,Oriental Woody,4.42,"5,818","Whiskey, Woody Notes, Ambrette (Musk Mallow), Rose, Ambroxan, Musk",,,"woody, whiskey, musky, rose, floral, amber, warm spicy","Perfumers, Perfumers, Alessandro Gualtieri",3600,1500,363,310,65,997.0,471.0,2600.0,2500.0,1100.0,2300.0
2026-04-14,Bleu de Chanel,Chanel,designer,https://www.fragrantica.com/perfume/Chanel/Bleu-de-Chanel-9099.html,2010,male,Woody Aromatic,4.18,"20,400","Grapefruit, Lemon, Mint, Pink Pepper","Ginger, Nutmeg, Jasmine, Iso E Super","Incense, Cedar, Vetiver, Sandalwood, Patchouli, Labdanum, White Musk","citrus, woody, fresh spicy, aromatic, amber, smoky, balsamic, warm spicy, green, fresh","Perfumers, Perfumers, Jacques Polge",9700,7300,1200,2000,215,8500.0,7800.0,7200.0,5000.0,8600.0,7500.0
2026-04-14,Allure Homme Sport,Chanel,designer,https://www.fragrantica.com/perfume/Chanel/Allure-Homme-Sport-607.html,2004,male,Woody Spicy,4.26,"15,010","Orange, Sea Notes, Aldehydes, Blood Mandarin","Pepper, Neroli, Cedar","Vanilla, Tonka Bean, White Musk, Amber, Vetiver, Elemi resin","citrus, aromatic, vanilla, aldehydic, marine, sweet, fresh spicy, fresh, amber, powdery","Perfumers, Perfumers, Jacques Polge",7500,5400,835,1200,118,6200.0,7000.0,2900.0,1400.0,7000.0,2400.0
2026-04-14,Coco Mademoiselle,Chanel,designer,https://www.fragrantica.com/perfume/Chanel/Coco-Mademoiselle-611.html,2001,female,Oriental Floral,4.11,"32,623","Orange, Mandarin Orange, Bergamot, Orange Blossom","Turkish Rose, Jasmine, Mimosa, Ylang-Ylang","Patchouli, White Musk, Vanilla, Vetiver, Tonka Bean, Opoponax","citrus, woody, patchouli, sweet, white floral, rose, earthy, vanilla, warm spicy, yellow floral","Perfumers, Perfumers, Jacques Polge",14800,11500,1800,4000,506,9100.0,5100.0,8500.0,7400.0,10600.0,7200.0
2026-04-14,Chanel No 5 Eau Premiere,Chanel,designer,https://www.fragrantica.com/perfume/Chanel/Chanel-N-5-Eau-Premiere-1360.html,2008,female,Floral Aldehyde,4.21,"6,177","Aldehydes, Ylang-Ylang, Neroli","Jasmine, Tincture of Rose","Vanille, Sandalwood, Vetyver","woody, aldehydic, fresh, white floral, yellow floral, vanilla, sweet, rose, floral, powdery","Perfumers, Perfumers, Jacques Polge",2900,2400,72,752,12,1400.0,820.0,1100.0,891.0,1700.0,851.0
2026-04-14,Egoiste Platinum,Chanel,designer,https://www.fragrantica.com/perfume/Chanel/Egoiste-Platinum-614.html,1993,male,Woody Floral Musk,4.23,"11,901","Lavender, Rosemary, Neroli, Petitgrain","Geranium, Clary Sage, Galbanum, Jasmine","Oakmoss, Vetiver, Cedar, Sandalwood, Amber","aromatic, fresh spicy, woody, lavender, green, herbal","Perfumers, Perfumers, Jacques Polge",6200,3700,606,1200,151,4900.0,4200.0,3700.0,2100.0,5000.0,2700.0
2026-04-14,Oud Wood,Tom Ford,designer,https://www.fragrantica.com/perfume/Tom-Ford/Oud-Wood-1826.html,2007,unisex,Oriental Woody,4.29,"16,675","Agarwood (Oud), Brazilian Rosewood, Cardamom, Sandalwood, Sichuan Pepper, Vanilla, Vetiver, Tonka Bean, Amber",,,"woody, oud, warm spicy, aromatic, vanilla, balsamic, fresh spicy, amber, powdery, sweet","Perfumers, Perfumers, Richard Herpin",9300,4700,1300,1100,313,4000.0,1700.0,7500.0,7300.0,4700.0,6800.0
2026-04-14,Black Orchid,Tom Ford,designer,https://www.fragrantica.com/perfume/Tom-Ford/Black-Orchid-1018.html,2006,female,Oriental Floral,3.89,"31,376","Truffle, Gardenia, Black Currant, Ylang-Ylang, Jasmine, Bergamot, Mandarin Orange, Amalfi Lemon","Orchid, Spices, Gardenia, Fruity Notes, Ylang-Ylang, Jasmine, Lotus","Mexican chocolate, Patchouli, Vanille, Incense, Amber, Sandalwood, Vetiver, White Musk","warm spicy, earthy, woody, sweet, amber, patchouli, floral, chocolate, powdery, balsamic","Perfumers, Perfumers, David Apel, Pierre Negrin",13700,8900,1900,5400,1500,3000.0,1700.0,10000.0,12000.0,3600.0,12300.0
2026-04-14,Tobacco Vanille,Tom Ford,designer,https://www.fragrantica.com/perfume/Tom-Ford/Tobacco-Vanille-1825.html,2007,unisex,Oriental Spicy,4.19,"29,838","Tobacco Leaf, Spicy Notes","Vanilla, Cacao, Tonka Bean, Tobacco Blossom","Dried Fruits, Woody Notes","vanilla, sweet, tobacco, warm spicy, fruity, woody, cacao, powdery","Perfumers, Perfumers, Olivier Gillotin",16200,7800,2000,2900,953,2500.0,1600.0,11700.0,14300.0,5100.0,12300.0
2026-04-14,Lost Cherry,Tom Ford,designer,https://www.fragrantica.com/perfume/Tom-Ford/Lost-Cherry-51411.html,2018,unisex,Oriental Floral,4.07,"16,966","Bitter Almond, Black Cherry, Cherry Liqueur","Sour Cherry, Plum, Turkish Rose, Jasmine Sambac","Vanilla, Tonka Bean, Cinnamon, Peru Balsam, Sandalwood, Benzoin, Cloves, Cedar, Patchouli, Vetiver","cherry, sweet, almond, nutty, fruity, vanilla, warm spicy, amber, woody, balsamic","Perfumers, Perfumers, Louise Turner",8000,5000,1900,1500,627,3400.0,2100.0,6300.0,6100.0,4100.0,6000.0
2026-04-14,Tuscan Leather,Tom Ford,designer,https://www.fragrantica.com/perfume/Tom-Ford/Tuscan-Leather-1849.html,2007,unisex,Leather,4.26,"10,176","Raspberry, Saffron, Thyme","Olibanum, Jasmine","Leather, Suede, Woody Notes, Amber","leather, fruity, animalic, sweet, amber, smoky, warm spicy, woody","Perfumers, Perfumers",5600,2900,514,947,186,1400.0,548.0,3700.0,3800.0,2000.0,3600.0
2026-04-14,XJ 1861 Naxos,Xerjoff,designer,https://www.fragrantica.com/perfume/Xerjoff/XJ-1861-Naxos-30529.html,2015,unisex,Citrus Gourmand,4.50,"18,608","Lavender, Bergamot, Lemon","Honey, Cinnamon, Cashmeran, Jasmine Sambac","Tobacco Leaf, Vanilla, Tonka Bean","sweet, honey, vanilla, tobacco, lavender, citrus, aromatic, floral, powdery, warm spicy","Perfumers, Perfumers",12900,3500,1200,756,268,7800.0,3800.0,10300.0,10700.0,8000.0,9400.0
2026-04-14,Verde Accento,Xerjoff,designer,https://www.fragrantica.com/perfume/Xerjoff/Verde-Accento-105329.html,2015,unisex,,4.20,20,"Italian Mandarin, Bergamot","Jasmine, Iris, Pink Pepper","Patchouli, Sandalwood, Musk, Amber, Bourbon Vanilla","woody, citrus, powdery, white floral, patchouli, musky, warm spicy, iris, earthy, soft spicy","Perfumers, Perfumers",11,5,2,1,1,5.0,7.0,4.0,1.0,7.0,2.0
2026-04-14,Wabar,Xerjoff,designer,https://www.fragrantica.com/perfume/Xerjoff/Wabar-42270.html,2013,female,Oriental Vanilla,3.99,108,"Star Anise, Bergamot","Magnolia, Lily-of-the-Valley, Jasmine","Vanilla, Musk, Vetiver","floral, white floral, citrus, vanilla, powdery, soft spicy, anis, aromatic, musky, fresh","Perfumers, Perfumers, Chris Maurice",48,34,7,15,4,23.0,19.0,22.0,18.0,21.0,19.0
2026-04-14,Amphorae 27,Xerjoff,designer,https://www.fragrantica.com/perfume/Xerjoff/Amphorae-27-76176.html,2022,unisex,,3.22,9,"Cloves, Brazilian Orange, Black Pepper, Cumin, Calabrian bergamot, Cardamom","Nutmeg, Ylang-Ylang, Bulgarian Rose","Musk, Ambergris, Civet, Singapore Patchouli, Madagascar Vanilla","musky, fresh spicy, animalic, warm spicy, amber, powdery, citrus, sweet, yellow floral, woody","Perfumers, Perfumers",4,0,1,2,2,2.0,3.0,5.0,5.0,3.0,5.0
2026-04-14,1888,Xerjoff,designer,https://www.fragrantica.com/perfume/Xerjoff/1888-21616.html,2013,unisex,Oriental Floral,4.18,"2,330","Carnation, Pepper, Coriander, Saffron","Ylang-Ylang, Rose, Neroli","Amber, Sandalwood, Patchouli, Birch","warm spicy, woody, amber, floral, aromatic, yellow floral, fresh spicy, leather, powdery, rose","Perfumers, Perfumers",1100,759,212,200,32,456.0,178.0,958.0,945.0,630.0,809.0
2026-04-14,Fiero,Xerjoff,designer,https://www.fragrantica.com/perfume/Xerjoff/Fiero-11802.html,2010,male,Aromatic Spicy,4.21,"1,524","Amalfi Lemon, Lemongrass, Bergamot, Blood Orange","Mint, Neroli, Tarragon, Thyme","Vetiver, Patchouli, Nutmeg, Sandalwood, Coumarin","citrus, aromatic, fresh spicy, woody, green","Perfumers, Perfumers, Chris Maurice",739,524,127,115,19,713.0,795.0,247.0,65.0,737.0,175.0
2026-04-14,Eros,Versace,designer,https://www.fragrantica.com/perfume/Versace/Eros-16657.html,2012,male,Aromatic Fougere,4.07,"28,922","Mint, Green Apple, Lemon","Tonka Bean, Ambroxan, Geranium","Madagascar Vanilla, Virginian Cedar, Atlas Cedar, Vetiver, Oakmoss","vanilla, aromatic, green, fresh spicy, amber, fruity, citrus, woody, sweet, fresh","Perfumers, Perfumers, Aurélien Guichard",11900,11000,2700,2700,633,12800.0,10200.0,12100.0,11700.0,11100.0,13800.0
2026-04-14,Pour Femme Dylan Blue,Versace,designer,https://www.fragrantica.com/perfume/Versace/Versace-Pour-Femme-Dylan-Blue-47459.html,2017,female,Floral Fruity,3.78,"5,986","Granny Smith apple, Black Currant, Clover, Forget me not, Shiso","Peach, Petalia, Rose, Rose Hip, Jasmine","Musk, White Woods, Patchouli, Styrax","fruity, floral, green, rose, fresh, woody, sweet, musky","Perfumers, Perfumers, Calice Becker, Natalie Gracia-Cetto",1600,2600,831,887,107,2100.0,2000.0,957.0,647.0,2200.0,855.0
2026-04-14,Pour Homme Dylan Blue,Versace,designer,https://www.fragrantica.com/perfume/Versace/Versace-Pour-Homme-Dylan-Blue-40031.html,2016,male,Aromatic Fougere,4.19,"23,761","Calabrian bergamot, Water Notes, Grapefruit, Fig Leaf","Ambroxan, Black Pepper, Patchouli, Violet Leaf, Papyrus","Incense, Musk, Tonka Bean, Saffron","amber, citrus, fresh spicy, musky, aquatic, warm spicy, woody, fresh, aromatic, smoky","Perfumers, Perfumers, Alberto Morillas",10700,9100,2100,1500,322,14100.0,14300.0,11500.0,6300.0,13900.0,10900.0
2026-04-14,Bright Crystal,Versace,designer,https://www.fragrantica.com/perfume/Versace/Bright-Crystal-632.html,2006,female,Floral Fruity,3.74,"23,674","Yuzu, Pomegranate, Ice","Peony, Lotus, Magnolia","Musk, Mahogany, Amber","floral, citrus, fresh, woody, rose, fresh spicy, aquatic","Perfumers, Perfumers, Alberto Morillas",5800,11000,2200,4300,343,8600.0,7700.0,1700.0,1400.0,9500.0,1500.0
2026-04-14,1 Million,Paco Rabanne,designer,https://www.fragrantica.com/perfume/Paco-Rabanne/1-Million-3747.html,2008,male,Woody Spicy,3.74,"23,413","Blood Mandarin, Grapefruit, Mint","Cinnamon, Spicy Notes, Rose","Amber, Leather, Woody Notes, Indian Patchouli","warm spicy, cinnamon, citrus, amber, woody, leather, rose, animalic, green, patchouli","Perfumers, Perfumers, Christophe Raynaud, Michel Girard, Olivier Pescheux",7400,8600,2000,4600,751,3600.0,2100.0,8500.0,10000.0,4100.0,10200.0
2026-04-14,Invictus,Rabanne,designer,https://www.fragrantica.com/perfume/Rabanne/Invictus-18471.html,2013,male,Woody Aquatic,3.80,"14,484","Sea Notes, Grapefruit, Mandarin Orange","Bay Leaf, Jasmine","Ambergris, Guaiac Wood, Oakmoss, Patchouli","citrus, marine, aromatic, fresh spicy, woody, salty, amber, white floral, aquatic, animalic","Perfumers, Perfumers, Anne Flipo, Dominique Ropion, Olivier Polge, Véronique Nyberg",4400,5900,1500,2300,407,6300.0,7000.0,3000.0,1600.0,6800.0,3000.0
2026-04-14,Phantom Parfum,Rabanne,designer,https://www.fragrantica.com/perfume/Rabanne/Phantom-Parfum-81927.html,2023,male,Aromatic,3.91,"2,108","Cardamom, Bergamot, Rhubarb, Lemon","Lavender, Cedarwood, Patchouli, Geranium","Vanilla, Tolu Balsam, Haitian Vetiver","aromatic, vanilla, warm spicy, citrus, lavender, woody, powdery, fresh spicy, sweet, green","Perfumers, Perfumers, Anne Flipo, Dominique Ropion, Juliette Karagueuzoglou",809,701,320,160,118,783.0,293.0,1100.0,1100.0,613.0,1000.0
2026-04-14,Acqua di Gio,Giorgio Armani,designer,https://www.fragrantica.com/perfume/Giorgio-Armani/Acqua-di-Gio-410.html,1996,unisex,Aromatic Aquatic,4.13,"24,147","Lime, Lemon, Bergamot, Jasmine, Orange, Mandarin Orange, Neroli","Sea Notes, Jasmine, Calone, Rosemary, Peach, Freesia, Hiacynth, Cyclamen, Violet, Coriander, Rose, Nutmeg, Mignonette","White Musk, Cedar, Oakmoss, Patchouli, Amber","citrus, aromatic, marine, fresh spicy, floral, woody, fresh","Perfumers, Perfumers, Alberto Morillas, Annick Menardo, Christian Dussoulier",9600,10400,1800,2000,256,9100.0,13100.0,2500.0,1300.0,12200.0,2700.0
2026-04-14,Armani Code Parfum,Giorgio Armani,designer,https://www.fragrantica.com/perfume/Giorgio-Armani/Armani-Code-Parfum-75126.html,2022,male,Woody Aromatic,4.41,"6,331","Bergamot, Bergamot Leaf","Iris, Aldehydes, Clary Sage, Orris","Tonka Bean, Cedar","iris, aromatic, powdery, woody, citrus, vanilla, earthy, aldehydic, violet, fresh spicy","Perfumers, Perfumers, Antoine Maisondieu",3800,1700,589,190,72,3600.0,2100.0,3900.0,3700.0,3300.0,3600.0
2026-04-14,Si,Giorgio Armani,designer,https://www.fragrantica.com/perfume/Giorgio-Armani/Si-18453.html,2013,female,Chypre Fruity,3.84,"19,463",Cassis,"May Rose, Freesia","Vanilla, Patchouli, Woody Notes, Ambroxan","woody, vanilla, aromatic, soft spicy, fruity, green, floral, rose, patchouli, earthy","Perfumers, Perfumers, Christine Nagel",6700,7300,1500,3700,343,3400.0,1900.0,6000.0,5100.0,5400.0,4600.0
2026-04-14,My Way,Giorgio Armani,designer,https://www.fragrantica.com/perfume/Giorgio-Armani/My-Way-62036.html,2020,female,Floral,3.78,"12,964","Orange Blossom, Bergamot","Tuberose, Indian Jasmine","Madagascar Vanilla, White Musk, Virginian Cedar","white floral, tuberose, citrus, animalic, vanilla","Perfumers, Perfumers, Bruno Jovanovic, Carlos Benaïm",4300,4300,2000,1700,596,5100.0,3600.0,2600.0,1800.0,5000.0,2000.0
2026-04-14,YSL Y EDP,Yves Saint Laurent,designer,https://www.fragrantica.com/perfume/Yves-Saint-Laurent/Yves-Saint-Laurent-Y-45956.html,2017,male,Woody Aromatic,3.92,"4,575","Aldehydes, Bergamot, Ginger, Lemon, Mint","Apple, Violet Leaf, Pineapple, Sage, Geranium","Ambergris, Musk, Cedar, Vetiver, Balsam Fir, Incense","fresh spicy, aromatic, fresh, citrus, green, fruity, amber, aldehydic, woody, musky","Perfumers, Perfumers, Claire Liégent, Dominique Ropion",1600,1800,445,624,83,2200.0,2400.0,993.0,490.0,2300.0,722.0
2026-04-14,La Nuit de l'Homme,Yves Saint Laurent,designer,https://www.fragrantica.com/perfume/Yves-Saint-Laurent/La-Nuit-de-L-Homme-5521.html,2009,male,Woody Spicy,4.45,"23,860",Cardamom,"Lavender, Virginia Cedar, Bergamot","Vetiver, Caraway","aromatic, warm spicy, lavender, woody, fresh spicy, citrus","Perfumers, Perfumers, Anne Flipo, Dominique Ropion, Pierre Wargnye",14500,7000,1100,1100,154,6700.0,3000.0,11000.0,10800.0,4700.0,12000.0
2026-04-14,Black Opium,Yves Saint Laurent,designer,https://www.fragrantica.com/perfume/Yves-Saint-Laurent/Black-Opium-25324.html,2014,female,Oriental Vanilla,3.94,"33,428","Pear, Pink Pepper, Orange Blossom","Coffee, Jasmine, Bitter Almond, Licorice","Vanilla, Patchouli, Cashmere Wood, Cedar","vanilla, coffee, sweet, white floral, warm spicy, soft spicy, woody, fruity, balsamic, powdery","Perfumers, Perfumers, Honorine Blanc, Marie Salamagne, Nathalie Lorson, Olivier Cresp",13000,11800,3200,4400,956,3200.0,2100.0,11600.0,13400.0,5200.0,13700.0
2026-04-14,Light Blue,Dolce & Gabbana,designer,https://www.fragrantica.com/perfume/Dolce-Gabbana/Light-Blue-485.html,2001,female,Floral Fruity,3.86,"35,204","Sicilian Lemon, Apple, Cedar, Bellflower","Bamboo, Jasmine, White Rose","Cedar, Musk, Amber","citrus, woody, fresh, fruity, aromatic, musky, powdery, green","Perfumers, Perfumers, Olivier Cresp",11400,14700,2500,6000,605,8700.0,15900.0,2000.0,1800.0,15200.0,1900.0
2026-04-14,Rose The One,Dolce & Gabbana,designer,https://www.fragrantica.com/perfume/Dolce-Gabbana/Rose-The-One-6461.html,2009,female,Floral,4.02,"4,260","Rose, Litchi, Peony, Grapefruit, Black Currant, Vanilla, Musk, Lily-of-the-Valley, Mandarin Orange, Lily, Ambrette (Musk Mallow), Sandalwood",,,"rose, floral, fruity, fresh, citrus, white floral, musky, tropical, vanilla, powdery","Perfumers, Perfumers",1400,2100,65,630,3,1200.0,716.0,628.0,390.0,1400.0,447.0
2026-04-14,The One Collector For Men,Dolce & Gabbana,designer,https://www.fragrantica.com/perfume/Dolce-Gabbana/The-One-Collector-For-Men-27419.html,2014,female,Oriental Spicy,4.42,194,"Grapefruit, Coriander, Basil","Cardamom, Ginger","Amber, Tobacco, Cedar","fresh spicy, aromatic, amber, tobacco, warm spicy, citrus, woody, sweet, fresh, herbal","Perfumers, Perfumers",111,62,13,7,1,63.0,25.0,85.0,73.0,52.0,88.0
2026-04-14,La Vie Est Belle,Lancome,designer,https://www.fragrantica.com/perfume/Lanc-me/La-Vie-Est-Belle-14982.html,2012,female,Floral Fruity Gourmand,3.65,"34,407","Black Currant, Pear","Iris, Jasmine, Orange Blossom","Praline, Vanilla, Patchouli, Tonka Bean","sweet, vanilla, fruity, patchouli, woody, white floral, powdery, iris, earthy, warm spicy","Perfumers, Perfumers, Anne Flipo, Dominique Ropion, Olivier Polge",11200,10900,2800,8100,1500,5900.0,3300.0,9100.0,10600.0,9100.0,9200.0
2026-04-14,Good Girl,Carolina Herrera,designer,https://www.fragrantica.com/perfume/Carolina-Herrera/Good-Girl-39681.html,2016,female,Oriental Floral,3.95,"24,221","Almond, Coffee, Bergamot, Lemon","Tuberose, Jasmine Sambac, Orange Blossom, Bulgarian Rose, Orris","Tonka Bean, Cacao, Vanilla, Praline, Sandalwood, Musk, Amber, Cashmere Wood, Patchouli, Cinnamon, Cedar","sweet, white floral, warm spicy, vanilla, amber, cacao, woody, tuberose, almond, powdery","Perfumers, Perfumers, Louise Turner, Quentin Bisch",9800,8000,2600,3200,688,3600.0,2100.0,8300.0,9000.0,4000.0,10100.0
2026-04-14,CK One,Calvin Klein,designer,https://www.fragrantica.com/perfume/Calvin-Klein/CK-One-276.html,1994,unisex,Citrus Aromatic,3.82,"21,626","Lemon, Green Notes, Bergamot, Mandarin Orange, Pineapple, Cardamom, Papaya","Lily-of-the-Valley, Jasmine, Violet, Rose, Nutmeg, Freesia, Orris Root","Green Accord, Musk, Cedar, Green Tea, Sandalwood, Oakmoss, Amber","citrus, green, woody, powdery, white floral, fresh, aromatic, fresh spicy, floral, musky","Perfumers, Perfumers, Alberto Morillas, Harry Fremont",4800,11200,2900,2400,341,8100.0,10900.0,2300.0,1400.0,11000.0,1700.0
2026-04-14,Explorer,Montblanc,designer,https://www.fragrantica.com/perfume/Montblanc/Explorer-52002.html,2019,male,Woody Aromatic,4.24,"16,316","Bergamot, Pink Pepper, Clary Sage","Haitian Vetiver, Leather","Ambroxan, Akigalawood, Indonesian Patchouli Leaf, Cacao Pod","woody, citrus, aromatic, amber, musky, fresh spicy, soft spicy, oud, warm spicy, earthy","Perfumers, Perfumers, Antoine Maisondieu, Jordi Fernández, Olivier Pescheux",7600,6200,1600,767,182,9500.0,9200.0,8200.0,4500.0,9500.0,6000.0
2026-04-14,Layton,Parfums de Marly,designer,https://www.fragrantica.com/perfume/Parfums-de-Marly/Layton-39314.html,2016,unisex,Oriental Floral,4.45,"17,273","Apple, Lavender, Bergamot, Mandarin Orange","Geranium, Violet, Jasmine","Vanilla, Cardamom, Sandalwood, Pepper, Guaiac Wood, Patchouli, Coumarin, Ambermax™","warm spicy, fresh spicy, woody, vanilla, aromatic, fruity, powdery, lavender, fresh, citrus","Perfumers, Perfumers, Hamid Merati-Kashani",11400,3600,1200,759,282,8300.0,3400.0,9900.0,9900.0,7800.0,9100.0
2026-04-14,Pegasus,Parfums de Marly,designer,https://www.fragrantica.com/perfume/Parfums-de-Marly/Pegasus-16938.html,2011,male,Oriental Fougere,4.08,"6,314","Heliotrope, Cumin, Bergamot, Pink Pepper","Bitter Almond, Lavender, Jasmine","Vanilla, Sandalwood, Amber, Musk, Cedar","almond, vanilla, powdery, nutty, sweet, lavender, fruity, woody, floral, fresh spicy","Perfumers, Perfumers, Hamid Merati-Kashani",3000,1800,690,625,181,2400.0,800.0,3100.0,3000.0,2600.0,2700.0
2026-04-14,Herod,Parfums de Marly,designer,https://www.fragrantica.com/perfume/Parfums-de-Marly/Herod-16939.html,2012,male,Woody Spicy,4.43,"10,385","Cinnamon, Pepperwood™","Tobacco Leaf, Incense, Osmanthus, Labdanum","Vanilla, Iso E Super, Cedar, Musk, Cypriol Oil or Nagarmotha, Vetiver, Amber","tobacco, vanilla, warm spicy, cinnamon, amber, sweet, woody, musky, powdery, balsamic","Perfumers, Perfumers, Olivier Pescheux",6500,2600,674,486,130,1500.0,517.0,5300.0,5600.0,2600.0,5000.0
2026-04-14,Sedley,Parfums de Marly,designer,https://www.fragrantica.com/perfume/Parfums-de-Marly/Sedley-56273.html,2019,unisex,Woody Aromatic,4.26,"5,429","Lemon, Mint, Bergamot, Grapefruit, Mandarin Orange","Lavender, Rosemary, Geranium, Olibanum","Ambroxan, Sandalowood, Cedar, Cashmeran, Vetiver, Patchouli","citrus, aromatic, fresh spicy, woody, amber, green, lavender, musky","Perfumers, Perfumers, Hamid Merati-Kashani, Olivier Cresp",2900,1500,623,278,101,3000.0,3500.0,864.0,271.0,3000.0,838.0
2026-04-14,Althair,Parfums de Marly,designer,https://www.fragrantica.com/perfume/Parfums-de-Marly/Altha-r-84109.html,2023,male,Oriental Vanilla,4.40,"9,947","Cinnamon, Orange Blossom, Cardamom, Bergamot","Bourbon Vanilla, elemi","Praline, Musk, Ambroxan, Guaiac Wood, Tonka, Candied Almond","sweet, vanilla, warm spicy, cinnamon, aromatic, musky, powdery, citrus, amber, white floral","Perfumers, Perfumers, Hamid Merati-Kashani, Ilias Ermenidis",6600,1900,754,390,354,1900.0,810.0,5500.0,6200.0,3200.0,5000.0
2026-04-14,Khamrah,Lattafa,arabic,https://www.fragrantica.com/perfume/Lattafa-Perfumes/Khamrah-75805.html,2022,unisex,Oriental Spicy,4.26,"26,988","Cinnamon, Nutmeg, Bergamot","Dates, Praline, Tuberose, Mahonial","Vanilla, Tonka Bean, Amberwood, Myrrh, Benzoin, Akigalawood","sweet, warm spicy, vanilla, amber, cinnamon, woody, fresh spicy, fruity","Perfumers, Perfumers",15000,7200,2400,1500,866,3900.0,2300.0,15700.0,19400.0,6900.0,15300.0
2026-04-14,Khamrah Qahwa,Lattafa,arabic,https://www.fragrantica.com/perfume/Lattafa-Perfumes/Khamrah-Qahwa-88175.html,2023,unisex,Oriental Vanilla,4.38,"13,431","Cinnamon, Cardamom, Ginger","Praline, Candied Fruits, White Flowers","Vanilla, Coffee, Tonka Bean, Benzoin, Musk","warm spicy, sweet, vanilla, cinnamon, coffee, amber, powdery","Perfumers, Perfumers",8200,3300,991,557,363,1800.0,673.0,8100.0,10000.0,3400.0,8300.0
2026-04-14,Yara,Lattafa,arabic,https://www.fragrantica.com/perfume/Lattafa-Perfumes/Yara-76880.html,2020,female,Oriental Vanilla,3.97,"10,841","Orchid, Heliotrope, Tangerine","Gourmand Accord, Tropical Fruits","Vanilla, Musk, Sandalwood","sweet, vanilla, powdery, tropical, fruity, musky, floral, citrus","Perfumers, Perfumers",4000,4000,1700,830,324,4800.0,3800.0,2600.0,2400.0,5100.0,1600.0
2026-04-14,Yara Moi,Lattafa,arabic,https://www.fragrantica.com/perfume/Lattafa-Perfumes/Yara-Moi-80722.html,2022,female,,3.64,"2,121","Jasmine, Peach","Caramel, Amber","Patchouli, Sandalwood","woody, white floral, patchouli, warm spicy, caramel, powdery, fruity, amber, sweet, balsamic","Perfumers, Perfumers",566,745,400,307,103,796.0,535.0,711.0,532.0,858.0,444.0
2026-04-14,Raghba,Lattafa,arabic,https://www.fragrantica.com/perfume/Lattafa-Perfumes/Raghba-25807.html,,unisex,Oriental Vanilla,3.88,"4,148","Vanilla, Sugar, Agarwood (Oud), Incense, Sandalwood, Musk",,,"vanilla, sweet, oud, amber, powdery, balsamic, smoky, woody, warm spicy, musky","Perfumers, Perfumers",1500,1500,451,466,209,506.0,298.0,1800.0,2000.0,952.0,1700.0
2026-04-14,Asad,Lattafa,arabic,https://www.fragrantica.com/perfume/Lattafa-Perfumes/Asad-72821.html,2021,male,Oriental,4.08,"12,708","Black Pepper, Tobacco, Pineapple","Patchouli, Coffee, Iris","Vanilla, Amber, Dry Wood, Benzoin, Labdanum","amber, fresh spicy, woody, warm spicy, vanilla, sweet, tobacco, powdery, patchouli, balsamic","Perfumers, Perfumers",5500,4400,1600,765,451,4200.0,1700.0,7900.0,9000.0,4300.0,8000.0
2026-04-14,Asad Bourbon,Lattafa,arabic,https://www.fragrantica.com/perfume/Lattafa-Perfumes/Asad-Bourbon-101124.html,2025,male,Oriental Spicy,4.45,"4,685","Lavender, Mirabelle, Pink Pepper","Cacao, Nutmeg, Davana","Bourbon Vanilla, Amber, Vetiver","vanilla, cacao, sweet, lavender, fresh spicy, amber, warm spicy, aromatic, powdery, soft spicy","Perfumers, Perfumers",2900,1300,327,113,80,1300.0,414.0,3000.0,3500.0,1500.0,3100.0
2026-04-14,Badee Al Oud Amethyst,Lattafa,arabic,https://www.fragrantica.com/perfume/Lattafa-Perfumes/Bade-e-Al-Oud-Amethyst-68214.html,2021,unisex,Oriental Vanilla,4.04,"3,725","Pink Pepper, Bergamot","Turkish Rose, Bulgarian Rose, Jasmine","Agarwood (Oud), Amber, Vanilla","rose, oud, amber, soft spicy, floral, vanilla, citrus, fresh spicy, white floral","Perfumers, Perfumers",1700,1100,483,296,157,1200.0,502.0,2000.0,2200.0,1100.0,2100.0
2026-04-14,Fakhar Black,Lattafa,arabic,https://www.fragrantica.com/perfume/Lattafa-Perfumes/Fakhar-Black-70465.html,2022,male,Oriental,4.23,"7,033","Apple, Bergamot, Ginger","Lavender, Sage, Juniper Berries, Geranium","Tonka Bean, Cedar, Amberwood, Vetiver","aromatic, fresh spicy, woody, fruity, fresh, citrus, lavender, green, amber, herbal","Perfumers, Perfumers",3200,2700,771,264,101,4800.0,4800.0,3400.0,1600.0,4700.0,2900.0
2026-04-14,Opulent Oud,Lattafa,arabic,https://www.fragrantica.com/perfume/Lattafa-Perfumes/Opulent-Oud-66012.html,2018,unisex,Oriental,4.02,"1,397","Saffron, Cinnamon","Agarwood (Oud), Rose","Agarwood (Oud), Amber, Cedarwood","oud, warm spicy, amber, rose, metallic, leather, cinnamon, woody","Perfumers, Perfumers",590,470,178,94,65,256.0,113.0,786.0,942.0,346.0,794.0
2026-04-14,Raghba Wood Intense,Lattafa,arabic,https://www.fragrantica.com/perfume/Lattafa-Perfumes/Raghba-Wood-Intense-28713.html,2014,male,Oriental Woody,4.10,"2,049","Caramel, Licorice, Guaiac Wood, Cedar","Agarwood (Oud), Sugar, Sandalwood, Cashmere Wood","Incense, Vanilla, Amber, Oakmoss, Musk","woody, amber, sweet, balsamic, smoky, caramel, vanilla, oud, powdery, soft spicy","Perfumers, Perfumers",953,652,209,161,74,322.0,102.0,1100.0,1300.0,479.0,1100.0
2026-04-14,Haya,Lattafa,arabic,https://www.fragrantica.com/perfume/Lattafa-Perfumes/Haya-85031.html,2022,female,,4.08,970,"Strawberry, Champagne, Tangerine, Blood Orange, Rose","Gardenia, Jasmine, Vanilla Orchid","Amber, Sandalwood, Chestnut","citrus, white floral, fruity, sweet, Champagne, aldehydic, floral, amber, lactonic, rose","Perfumers, Perfumers",369,384,156,50,11,465.0,451.0,171.0,117.0,473.0,140.0
2026-04-14,Vintage Radio,Lattafa,arabic,https://www.fragrantica.com/perfume/Lattafa-Perfumes/Vintage-Radio-89454.html,2023,unisex,Oriental Woody,4.31,"3,589","Lavender, Sage, Bergamot","Plum, Palo Santo, Black Pepper","Sandalwood, Oud","woody, fruity, aromatic, fresh spicy, citrus, lavender, sweet, herbal, warm spicy, powdery","Perfumers, Perfumers",2000,971,330,201,65,2000.0,836.0,2200.0,2000.0,1800.0,1900.0
2026-04-14,Hawas for Him,Rasasi,arabic,https://www.fragrantica.com/perfume/Rasasi/Hawas-for-Him-46890.html,2015,male,Aromatic Aquatic,4.32,"10,058","Apple, Bergamot, Lemon, Cinnamon","Watery Notes, Plum, Orange Blossom, Cardamon","Ambergris, Musk, Patchouli, Driftwood","fruity, citrus, aquatic, fresh, warm spicy, amber, sweet, musky, aromatic, animalic","Perfumers, Perfumers",5400,3100,919,408,172,6400.0,7500.0,2800.0,1400.0,6700.0,3100.0
2026-04-14,La Yuqawam Homme,Rasasi,arabic,https://www.fragrantica.com/perfume/Rasasi/La-Yuqawam-Homme-19668.html,2012,male,Oriental,4.40,"3,860","Raspberry, Saffron, Thyme","Olibanum, Jasmine, Artemisia","Leather, Suede, Woody Notes, Amber","leather, fruity, sweet, animalic, amber, woody, musky, warm spicy, smoky","Perfumers, Perfumers",2400,971,200,223,66,780.0,261.0,2100.0,2200.0,1100.0,2000.0
2026-04-14,Daarej pour Homme,Rasasi,arabic,https://www.fragrantica.com/perfume/Rasasi/Daarej-pour-Homme-19688.html,,male,Oriental Spicy,4.13,"3,125","Cumin, Cardamom, Artemisia","Rose, Orris Root","Vanilla, Tonka Bean, Amber, Sandalwood, Patchouli, Musk","vanilla, warm spicy, powdery, amber, aromatic, fresh spicy, woody, sweet, rose, balsamic","Perfumers, Perfumers",1400,1000,328,229,79,1300.0,583.0,1700.0,1800.0,1300.0,1700.0
2026-04-14,Qasamat Mohraf,Rasasi,arabic,https://www.fragrantica.com/perfume/Rasasi/Qasamat-Mohraf-Oud-Moattar-62547.html,2020,unisex,"fragrance for women and men. Qasamat Mohraf Oud Moattar was launched in 2020. Top notes are Raspberry, Lemon and Bergamot; middle notes are Rose, Geranium, Jasmine, White Flowers and Lily-of-the-Valley; base notes are Agarwood (Oud), Patchouli, Guaiac Wood, Amber, Vanilla, Sandalwood and Musk. ""Qasamat, is a series of four unisex",4.14,84,"Raspberry, Lemon, Bergamot","Rose, Geranium, Jasmine, White Flowers, Lily-of-the-Valley","Agarwood (Oud), Patchouli, Guaiac Wood, Amber, Vanilla, Sandalwood, Musk","rose, woody, oud, white floral, powdery, fresh spicy, patchouli, warm spicy, fruity, sweet","Perfumers, Perfumers",47,17,8,9,3,33.0,12.0,39.0,37.0,30.0,39.0
2026-04-14,Hawas Ice,Rasasi,arabic,https://www.fragrantica.com/perfume/Rasasi/Hawas-Ice-89050.html,2023,male,Aromatic,4.43,"5,739","Apple, Italian Lemon, Sicilian Bergamot, Star Anise","Plum, Orange Blossom, Cardamon","Musk, Amber, Driftwood, Moss","fruity, citrus, sweet, fresh, aromatic, musky, powdery, fresh spicy, green, white floral","Perfumers, Perfumers",3500,1500,401,168,105,3800.0,4300.0,2100.0,1000.0,3900.0,1800.0
2026-04-14,Egra Men,Rasasi,arabic,https://www.fragrantica.com/perfume/Rasasi/Egra-Men-19678.html,,male,Woody Aromatic,4.01,610,"Violet Leaf, Juniper Berries, Spruce, Grapefruit","Fir, Iris, Galbanum","Ambergris, Oakmoss, Sandalwood, Musk","woody, aromatic, fresh spicy, green, ozonic, powdery, amber, aquatic, iris, citrus","Perfumers, Perfumers",215,267,64,50,14,354.0,345.0,203.0,72.0,343.0,122.0
2026-04-14,Hawas Black,Rasasi,arabic,https://www.fragrantica.com/perfume/Rasasi/Hawas-Black-96817.html,2024,male,Aromatic Fruity,4.26,"2,645","Bergamot, Grapefruit, Pineapple","Patchouli, Cedarwood, Jasmine","Oakmoss, Woody Notes, Amber","woody, citrus, mossy, earthy, fresh spicy, fruity, patchouli, sweet, aromatic","Perfumers, Perfumers",1500,629,253,144,100,1600.0,1500.0,1600.0,1400.0,1600.0,1500.0
2026-04-14,Hawas Elixir,Rasasi,arabic,https://www.fragrantica.com/perfume/Rasasi/Hawas-Elixir-110808.html,2024,unisex,Oriental Vanilla,4.54,987,"Mint, Bergamot, Artemisia","Dark Chocolate, Lavender, Benzoin","Vanilla, Tonka Bean, White Musk","vanilla, aromatic, green, sweet, fresh spicy, warm spicy, amber, chocolate, lavender, powdery","Perfumers, Perfumers",660,238,57,21,11,312.0,86.0,619.0,747.0,279.0,664.0
2026-04-14,Hawas Viper,Rasasi,arabic,https://www.fragrantica.com/perfume/Rasasi/Hawas-Viper-113594.html,2025,male,Oriental,3.71,139,"Saffron, cannabis, Thyme, Green Notes, Davana","Tobacco, Coffee, Cinnamon, Violet, Raspberry","Gurjan balsam, Musk, Tonka","warm spicy, aromatic, tobacco, sweet, green, cannabis, coffee, fruity, herbal, musky","Perfumers, Perfumers",74,18,7,12,28,32.0,13.0,58.0,83.0,29.0,66.0
2026-04-14,Liquid Brun Limited Edition,French Avenue,arabic,https://www.fragrantica.com/perfume/French-Avenue/Liquid-Brun-Limited-Edition-123526.html,2025,unisex,Oriental Fougere,4.50,420,"Cardamom, Lavender, Citrus","Orange Blossom, Guaiac Wood, Rose","Vanilla, Tonka, Amber, oak moss","vanilla, citrus, amber, white floral, sweet, aromatic, warm spicy, lavender, powdery, woody","Perfumers, Perfumers",306,61,23,15,15,144.0,26.0,236.0,297.0,154.0,257.0
2026-04-14,Grow,French Avenue,arabic,https://www.fragrantica.com/perfume/French-Avenue/Grow-123528.html,2025,unisex,Oriental Woody,4.10,52,"Dates, Saffron, Davana, Timur, Pear","Dates, Custard, Rose, Sandalwood, Geranium, Jasmine, Peony, Lily of the Valley","Vanilla, Dry Wood, Cypriol, Labdanum, Tonka, Musk, Immortelle, Atlas Cedar","sweet, woody, vanilla, warm spicy, fruity, aromatic, fresh spicy, rose, powdery, green","Perfumers, Perfumers, Jean-Christophe Hérault",29,11,4,4,4,15.0,5.0,25.0,31.0,11.0,25.0
2026-04-14,Opus Magnum,French Avenue,arabic,https://www.fragrantica.com/perfume/French-Avenue/Opus-Magnum-103480.html,2025,unisex,Oriental Woody,4.01,148,"Incense, Basil, Cardamon, Bergamot","Tobacco, Fenugreek, Lavender","Peru Balsam, Amber, Oud, Tonka Bean","amber, fresh spicy, balsamic, tobacco, warm spicy, aromatic, smoky, sweet, oud","Perfumers, Perfumers",86,25,8,10,19,33.0,19.0,77.0,91.0,31.0,73.0
2026-04-14,Royal Blend Bourbon,French Avenue,arabic,https://www.fragrantica.com/perfume/French-Avenue/Royal-Blend-Bourbon-103478.html,2025,unisex,Aromatic,3.69,214,"Cinnamon, Peppermint, Bark, Basil","Bourbon Whiskey, Lavender","Oak, Peru Balsam","woody, warm spicy, aromatic, cinnamon, green, fresh spicy, balsamic, amber","Perfumers, Perfumers",76,64,25,29,20,39.0,10.0,104.0,114.0,42.0,98.0
2026-04-14,Azzure Oud,French Avenue,arabic,https://www.fragrantica.com/perfume/French-Avenue/Azzure-Oud-94714.html,2024,male,Oriental,3.83,"1,412","Passionfruit, Fruity Notes, Rose, Saffron","Oud, Benzoin, Patchouli","Leather, Amber, Guaiac Wood, Cedarwood, Sandalwood, Vanilla, Labdanum","fruity, oud, leather, sweet, woody, tropical, amber, warm spicy, animalic, fresh","Perfumers, Perfumers",643,337,134,144,154,433.0,166.0,761.0,947.0,415.0,817.0
2026-04-14,Vulcan Feu,French Avenue,arabic,https://www.fragrantica.com/perfume/French-Avenue/Vulcan-Feu-105520.html,2025,unisex,Floral,4.45,"4,272","Mango, Lemon, Ginger, Rhubarb","Pink Pepper, Jasmine, Violet, Praline","Tonka Bean, Cedarwood, Ambergris, Moss","tropical, fruity, sweet, citrus, woody, fresh, fresh spicy, aromatic, amber, terpenic","Perfumers, Perfumers",2800,891,304,162,87,2600.0,3200.0,853.0,361.0,2800.0,1000.0
2026-04-14,Veneno,French Avenue,arabic,https://www.fragrantica.com/perfume/French-Avenue/Veneno-105519.html,2025,unisex,Aromatic Fruity,4.19,460,"Apple, Smoke, Cinnamon","Tobacco, Moss","Bourbon Vanilla, Orcanox™","smoky, fruity, cinnamon, tobacco, warm spicy, vanilla, sweet, fresh, green, mossy","Perfumers, Perfumers, Jean-Louis Sieuzac",242,130,39,32,17,95.0,33.0,262.0,291.0,85.0,259.0
2026-04-14,Platine Blanc,Aromatix X French Avenue,arabic,https://www.fragrantica.com/perfume/Aromatix-X-French-Avenue/Platine-Blanc-106068.html,2025,unisex,Floral,4.44,771,"Mint, Lime, Tonic Water, Lemon","Rosemary, Black Currant, Jasmine","Musk, Ambergris, Sandalwood, Oakmoss","aromatic, citrus, green, fresh spicy, woody","Perfumers, Perfumers",513,156,55,21,26,478.0,556.0,135.0,48.0,520.0,140.0
2026-04-14,X Xandal,Aromatix X French Avenue,arabic,https://www.fragrantica.com/perfume/Aromatix-X-French-Avenue/X-Xandal-104625.html,2025,unisex,Floral,4.17,538,"Madagascar Vanilla, Bourbon Vanilla, Vanilla Caviar","Chocolate Truffle, Vanilla, Rum, Patchouli, Jasmine","Vanilla Absolute, Caramel, Tonka Bean, Agarwood","vanilla, patchouli, woody, rum, warm spicy, sweet, balsamic","Perfumers, Perfumers",320,100,44,35,39,170.0,59.0,333.0,355.0,178.0,329.0
2026-04-14,Carnal Desire,Aromatix X French Avenue,arabic,https://www.fragrantica.com/perfume/Aromatix-X-French-Avenue/Carnal-Desire-99331.html,2024,unisex,Leather,4.11,484,"Raspberry, Cinnamon, Bergamot","Cotton Candy, Orris, Rose","Leather, Oud, Cedar, Patchouli, Vanilla","sweet, leather, oud, fruity, woody, animalic, rose, powdery, warm spicy, caramel","Perfumers, Perfumers",267,105,46,28,38,133.0,43.0,263.0,305.0,124.0,278.0
2026-04-14,Naughty Dates,Aromatix X French Avenue,arabic,https://www.fragrantica.com/perfume/Aromatix-X-French-Avenue/Naughty-Dates-122285.html,2025,unisex,Floral Fruity Gourmand,3.73,143,"Cardamon, Mandarin, Bergamot","Coffee, Dates, Honey, Ebony Wood, Hazelnut, Cinnamon","Caramel, Vanilla, Amber, Sandalwood","sweet, warm spicy, coffee, woody, caramel, honey, vanilla, fruity, powdery, amber","Perfumers, Perfumers, Shinichiro Oba",63,34,13,11,22,18.0,5.0,77.0,90.0,32.0,75.0
2026-04-14,Black Diamond Incense,Ibraheem AlQurashi,arabic,https://www.fragrantica.com/perfume/Ibraheem-AlQurashi/Black-Diamond-Incense-100548.html,2023,unisex,Oriental Woody,4.48,199,"Aquatic notes, Black Currant, Birch","Incense, Vanilla, Sandalwood","Amber, Smoke, Leather, Oud","amber, smoky, vanilla, woody, balsamic, leather, warm spicy, marine, powdery, fruity","Perfumers, Perfumers",127,49,16,5,2,82.0,41.0,96.0,129.0,61.0,120.0
2026-04-14,Blue Oud,Ibraheem AlQurashi,arabic,https://www.fragrantica.com/perfume/Ibraheem-AlQurashi/Blue-Oud-100576.html,2022,unisex,fragrance for women and men. Blue Oud was launched in 2022. Top notes are Oud and Blue Lilies; middle notes are Leather and Patchouli; base notes are Tobacco and Amber. Blue Oud is a,4.31,204,"Oud, Blue Lilies","Leather, Patchouli","Tobacco, Amber","oud, leather, patchouli, tobacco, amber, animalic, woody, warm spicy, sweet, floral","Perfumers, Perfumers",139,26,17,7,15,64.0,35.0,80.0,160.0,51.0,109.0
2026-04-14,Cullinan Diamond Iris,Ibraheem AlQurashi,arabic,https://www.fragrantica.com/perfume/Ibraheem-AlQurashi/Cullinan-Diamond-Iris-100547.html,2023,unisex,Floral Fruity,4.41,159,"Pineapple, Grapefruit","Bergamot, Jasmine, Patchouli","Iris, Cedarwood, Pine, Oakmoss","woody, citrus, fruity, iris, sweet, earthy, powdery, aromatic, fresh spicy, white floral","Perfumers, Perfumers",97,39,17,3,3,94.0,115.0,57.0,35.0,97.0,54.0
2026-04-14,Rose Tobacco Happiness Dose,Ibraheem AlQurashi,arabic,https://www.fragrantica.com/perfume/Ibraheem-AlQurashi/Rose-Tobacco-Happiness-Dose-100581.html,2018,unisex,Oriental Spicy,4.46,71,"Rose, Incense, Clove, Saffron","Amber, Sandalwood, Caramel, Leather","Tobacco, Vanilla, Tonka, Musk, Oakmoss","amber, warm spicy, tobacco, vanilla, sweet, rose, powdery, balsamic, smoky, woody","Perfumers, Perfumers",42,21,7,1,0,25.0,8.0,38.0,47.0,17.0,42.0
2026-04-14,Arabian Tobacco,Ibraheem AlQurashi,arabic,https://www.fragrantica.com/perfume/Ibraheem-AlQurashi/Arabian-Tobacco-100550.html,2023,unisex,Oriental,4.31,190,"Tobacco, Saffron, Iris","Salted Caramel Fudge, Tonka, Rose","Coffee, Smoke, Patchouli, Amber, Musk","sweet, warm spicy, coffee, tobacco, smoky, amber","Perfumers, Perfumers",112,46,17,9,6,44.0,20.0,90.0,129.0,45.0,113.0
2026-04-14,French Tobacco,Ibraheem AlQurashi,arabic,https://www.fragrantica.com/perfume/Ibraheem-AlQurashi/French-Tobacco-100552.html,2023,unisex,Aromatic Fougere,4.45,400,"Mandarin, Blood Orange, Green Apple","Ginger, Neroli, Cinnamon, Tobacco","Lemongrass, Frankincense, Guaiac Wood, Iris","citrus, fresh spicy, fresh, fruity, woody","Perfumers, Perfumers",253,96,33,14,4,227.0,306.0,148.0,59.0,278.0,114.0
2026-04-14,Mexican Tobacco,Ibraheem AlQurashi,arabic,https://www.fragrantica.com/perfume/Ibraheem-AlQurashi/Mexican-Tobacco-100563.html,2023,unisex,Oriental,4.31,189,"Dark Chocolate, Cedarwood","Lilac, Cinnamon","Tobacco, Amber, Rose","tobacco, sweet, warm spicy, amber, floral, chocolate, woody, rose, cinnamon, fresh","Perfumers, Perfumers",105,54,21,1,8,49.0,17.0,90.0,125.0,35.0,112.0
2026-04-14,Club de Nuit Intense Man,Armaf,arabic,https://www.fragrantica.com/perfume/Armaf/Club-de-Nuit-Intense-Man-34696.html,2015,male,Woody Spicy,4.09,"26,371","Lemon, Pineapple, Bergamot, Black Currant, Apple","Birch, Jasmine, Rose","Musk, Ambergris, Patchouli, Vanilla","citrus, fruity, leather, smoky, woody, aromatic, sweet, fresh, musky","Perfumers, Perfumers",12200,8400,2700,2000,1000,14800.0,14300.0,12900.0,8700.0,14700.0,12900.0
2026-04-14,Club de Nuit Intense,Armaf,arabic,https://www.fragrantica.com/perfume/Armaf/Club-de-Nuit-Intense-27656.html,,female,Chypre Floral,4.11,"3,341","Rose, Saffron, Geranium","Nutmeg, Pepper, Violet, Caraway","Patchouli, Agarwood (Oud), Vanilla, Amber","rose, fresh spicy, warm spicy, patchouli, oud, vanilla, woody, floral, amber, powdery","Perfumers, Perfumers",1500,1100,252,331,84,600.0,257.0,1500.0,1500.0,726.0,1500.0
2026-04-14,Club de Nuit Milestone,Armaf,arabic,https://www.fragrantica.com/perfume/Armaf/Club-de-Nuit-Milestone-64104.html,2019,unisex,Woody Floral Musk,3.94,"4,520","Sea Notes, Red Fruits, Bergamot","Violet, White Woods, Sandalwood","Musk, Ambroxan, Vetiver","marine, aromatic, woody, powdery, musky, fruity, violet, citrus, amber, salty","Perfumers, Perfumers",1900,1400,618,391,241,2600.0,2900.0,988.0,390.0,2700.0,933.0
2026-04-14,Tres Nuit,Armaf,arabic,https://www.fragrantica.com/perfume/Armaf/Tres-Nuit-27711.html,,male,Aromatic Spicy,4.13,"3,324","Iris, Lemon, Vervain","Lavender, Violet, Spicy Notes","Ambergris, Sandalwood","powdery, violet, lavender, woody, iris, citrus, amber, aromatic, floral, animalic","Perfumers, Perfumers",1400,1300,322,267,47,1900.0,1800.0,1000.0,295.0,1900.0,698.0
2026-04-14,Vitesse Carbon,Armaf,arabic,https://www.fragrantica.com/perfume/Armaf/Vitesse-Carbon-50322.html,,male,Aromatic Spicy,4.17,30,"Iris, Bergamot, Sage, Lemon Verbena, Lemon","Lavender, Violet, Spices","Leather, Ambergris, Vetiver, Sandalwood","aromatic, citrus, powdery, violet, iris, lavender, woody, herbal, leather, animalic","Perfumers, Perfumers",11,14,4,1,0,11.0,3.0,12.0,6.0,8.0,10.0
2026-04-14,Hunter Intense,Armaf,arabic,https://www.fragrantica.com/perfume/Armaf/Hunter-Intense-50327.html,,male,Woody Aromatic,4.26,"1,148","Bergamot, Pomelo, Mandarin Orange, Lemon","Lavender, Geranium, Ylang Ylang, Tuberose","Black Pepper, Cardamom","citrus, fresh spicy, aromatic, lavender, warm spicy","Perfumers, Perfumers",551,423,106,53,15,678.0,688.0,575.0,260.0,698.0,522.0
2026-04-14,Legesi Homme,Armaf,arabic,https://www.fragrantica.com/perfume/Armaf/Legesi-Homme-52265.html,,male,Woody Aromatic,4.37,931,"Lavender, Rosemary, Petitgrain","Sage, Jasmine, Galbanum, Rose","Sandalwood, Musk, Cedar, Oakmoss","aromatic, woody, lavender, fresh spicy, herbal, powdery, musky, green","Perfumers, Perfumers",523,284,77,36,11,608.0,577.0,528.0,222.0,601.0,299.0
2026-04-14,Amber Oud Gold Edition,Al Haramain,arabic,https://www.fragrantica.com/perfume/Al-Haramain-Perfumes/Amber-Oud-Gold-Edition-51816.html,2024,unisex,Oriental Vanilla,4.27,"5,217","Bergamot, Green Notes","Melon, Pineapple, Amber, Gourmand Accord","Vanilla, Musk, Woody Notes","sweet, fruity, ozonic, powdery, vanilla, musky, fresh, amber, aquatic, citrus","Perfumers, Perfumers",2900,1400,447,294,158,2800.0,2500.0,2600.0,2300.0,2800.0,2500.0
2026-04-14,L'Aventure,Al Haramain,arabic,https://www.fragrantica.com/perfume/Al-Haramain-Perfumes/L-Aventure-40405.html,2016,male,Chypre Fruity,4.17,"2,693","Lemon, Bergamot, elemi","Woody Notes, Jasmine, Lily-of-the-Valley","Musk, Patchouli, Amber","citrus, aromatic, woody, musky, fresh spicy, white floral, powdery","Perfumers, Perfumers",1300,942,243,197,53,1500.0,1500.0,1100.0,548.0,1500.0,926.0
2026-04-14,L'Aventure Knight,Al Haramain,arabic,https://www.fragrantica.com/perfume/Al-Haramain-Perfumes/L-Aventure-Knight-51824.html,2018,male,Oriental Fougere,3.99,866,"Lemon Verbena, Bergamot, Tea","Violet Leaf, Iris","Powdery Notes, Ambergris, Musk, Sandalwood","powdery, citrus, ozonic, iris, woody, amber, green, musky, aquatic, animalic","Perfumers, Perfumers",352,299,102,82,31,528.0,475.0,344.0,133.0,509.0,270.0
2026-04-14,Detour Noir,Al Haramain,arabic,https://www.fragrantica.com/perfume/Al-Haramain-Perfumes/D-tour-Noir-70748.html,2021,unisex,Oriental Spicy,4.29,"4,802","Apple, Lavender, Jasmine, Violet","Vanilla, Patchouli, Bergamot, Mandarin Orange","Sandalwood, Cardamom, Pepper, Guaiac Wood, Geranium","vanilla, woody, warm spicy, fresh spicy, powdery, aromatic, fruity, lavender, fresh, citrus","Perfumers, Perfumers",2700,1300,448,226,119,2600.0,892.0,3100.0,3100.0,2500.0,2900.0
2026-04-14,9pm,Afnan,arabic,https://www.fragrantica.com/perfume/Afnan/9pm-65414.html,2020,male,Oriental Vanilla,4.36,"16,381","Apple, Cinnamon, Wild Lavender, Bergamot","Orange Blossom, Lily-of-the-Valley","Vanilla, Tonka Bean, Amber, Patchouli","vanilla, amber, warm spicy, fruity, sweet, cinnamon, lavender, aromatic, fresh, powdery","Perfumers, Perfumers",9300,4800,1400,528,343,6500.0,2800.0,10200.0,12000.0,5100.0,11000.0
2026-04-14,9 PM Night Out,Afnan,arabic,https://www.fragrantica.com/perfume/Afnan/9-PM-Night-Out-123313.html,2026,unisex,Oriental Spicy,4.41,"1,058","Pitahaya, Lavender, Cognac, Apple, Bergamot","Toffee, Suede, Cardamom, Cedar, Mahonial","Tonka Bean, Ambrofix™, Akigalawood, Patchouli","woody, warm spicy, fruity, sweet, aromatic, tropical, lavender, floral, vanilla, amber","Perfumers, Perfumers, Imran Fazlani, Quentin Roussel",710,183,86,46,33,640.0,344.0,621.0,718.0,302.0,719.0
2026-04-14,9am,Afnan,arabic,https://www.fragrantica.com/perfume/Afnan/9am-70706.html,,female,,3.68,388,"Lemon, Mandarin Orange, Cardamom, Pink Pepper","Lavender, Orange Blossom, Green Apple, Rose","Musk, Moss, Cedar, Patchouli","citrus, musky, aromatic, woody, warm spicy, lavender, mossy, earthy, powdery, fruity","Perfumers, Perfumers",111,137,70,44,26,206.0,229.0,87.0,36.0,226.0,44.0
2026-04-14,Supremacy Silver,Afnan,arabic,https://www.fragrantica.com/perfume/Afnan/Supremacy-Silver-27352.html,2013,male,Woody Floral Musk,4.06,"2,257","Pineapple, Black Currant, Bergamot, Apple","Birch, Patchouli, Moroccan Jasmine, Rose","Musk, Oakmoss, Ambergris, Vanilla","fruity, leather, woody, sweet, smoky, citrus, musky, mossy, tropical, fresh","Perfumers, Perfumers, Imran Fazlani",956,797,247,198,59,1200.0,1100.0,962.0,464.0,1200.0,752.0
2026-04-14,Supremacy Gold,Afnan,arabic,https://www.fragrantica.com/perfume/Afnan/Supremacy-Gold-27351.html,2013,unisex,Oriental,3.83,248,"Nutmeg, Violet, Peach Blossom, Cumin","Iris, Patchouli","Amber, Vanilla, Agarwood (Oud), Benzoin","amber, powdery, fresh spicy, floral, violet, vanilla, iris, oud, warm spicy, woody","Perfumers, Perfumers",87,80,40,33,8,96.0,49.0,121.0,105.0,82.0,98.0
2026-04-14,9 PM Rebel,Afnan,arabic,https://www.fragrantica.com/perfume/Afnan/9-PM-Rebel-99238.html,2024,unisex,Aromatic Fruity,4.29,"2,620","Pineapple, Granny Smith apple, Mandarin","Oakmoss, Cedarwood, Vanilla","Dry Wood, Ambergris, Caramel, Musk","fruity, sweet, woody, tropical, fresh, amber, mossy, caramel, powdery, vanilla","Perfumers, Perfumers, Gaël Montero",1500,634,224,122,100,1500.0,1200.0,1500.0,1400.0,1400.0,1500.0
2026-04-14,Turathi Electric,Afnan,arabic,https://www.fragrantica.com/perfume/Afnan/Turathi-Electric-108244.html,2025,unisex,Floral Fruity,4.09,"1,182","Pear, Pink Grapefruit, Mandarin Orange, Bergamot","Orange Blossom, Apple, Cedarwood","Musk, Amber, Vanilla","citrus, fruity, sweet, musky, powdery, white floral, fresh, fresh spicy, aquatic, green","Perfumers, Perfumers, Imran Fazlani",547,367,137,91,40,678.0,767.0,270.0,95.0,705.0,229.0
2026-04-14,Shaghaf Oud,Swiss Arabian,arabic,https://www.fragrantica.com/perfume/Swiss-Arabian/Shaghaf-Oud-50582.html,,unisex,Oriental,4.07,"3,887",Saffron,"Agarwood (Oud), Rose","Agarwood (Oud), Praline, Vanilla","sweet, oud, vanilla, rose, warm spicy, lactonic, nutty, metallic, powdery, floral","Perfumers, Perfumers",1900,1100,392,325,182,597.0,299.0,1900.0,2200.0,941.0,2000.0
2026-04-14,Shaghaf Oud Abyad,Swiss Arabian,arabic,https://www.fragrantica.com/perfume/Swiss-Arabian/Shaghaf-Oud-Abyad-54282.html,,unisex,Woody Spicy,4.05,"1,174","Oregano, Pimento Seeds, Bergamot","Myrrh, Opoponax, Olibanum, Amber, Citruses","Smoke, Agarwood (Oud), Leather, Sandalwood, Patchouli","amber, smoky, fresh spicy, warm spicy, woody, balsamic, aromatic, oud, sweet","Perfumers, Perfumers",547,357,107,112,51,245.0,105.0,567.0,656.0,319.0,561.0
2026-04-14,Casablanca,Swiss Arabian,arabic,https://www.fragrantica.com/perfume/Swiss-Arabian/Casablanca-42181.html,2016,unisex,Oriental,4.15,"1,945","Apple, Grapes","White Woods, Patchouli, Iris","Caramel, Amber, Suede, Musk, Peru Balsam","fruity, caramel, woody, amber, sweet, musky, powdery, balsamic, fresh, green","Perfumers, Perfumers",933,597,236,130,49,609.0,356.0,876.0,749.0,744.0,580.0
2026-04-14,Enigma of Taif,Swiss Arabian,arabic,https://www.fragrantica.com/perfume/Swiss-Arabian/Enigma-of-Taif-117521.html,2025,unisex,Floral Woody Musk,4.54,134,"elemi, Plum, Pink Pepper, Black Pepper, Cardamom","Taif Rose, Saffron, Osmanthus, Violet, Olibanum","Oak Tree, Amber, Molasses, Labdanum, Vetiver","amber, woody, rose, aromatic, warm spicy, sweet, fruity, fresh spicy, powdery, floral","Perfumers, Perfumers, Shinichiro Oba",99,21,5,5,4,85.0,45.0,81.0,90.0,72.0,84.0
2026-04-14,Incense 01,Swiss Arabian,arabic,https://www.fragrantica.com/perfume/Swiss-Arabian/Incense-01-102415.html,2025,unisex,Woody Spicy,4.36,490,"Frankincense, Juniper, Rum, Bergamot","Fig, Hazelnut, Roasted Nuts, Almond, Lily of the Valley","Frankincense, Dark Chocolate, Vanilla, Sandalwood, Cedarwood, Moss","woody, fresh spicy, amber, aromatic, sweet, warm spicy, nutty, fruity, powdery, vanilla","Perfumers, Perfumers",315,96,38,22,19,194.0,68.0,294.0,301.0,181.0,280.0
2026-04-14,Vanilla 01,Swiss Arabian,arabic,https://www.fragrantica.com/perfume/Swiss-Arabian/Vanilla-01-117520.html,2025,female,Oriental Vanilla,3.98,252,"Orange Blossom, Coconut, Pink Pepper","Tuberose, Cappuccino, Indian Jasmine, Caramel","Bourbon Vanilla, Sandalwood, Musk, Tonka Bean","white floral, vanilla, sweet, powdery, tuberose, coffee, musky, woody, caramel, animalic","Perfumers, Perfumers, Honorine Blanc",115,65,37,22,13,98.0,43.0,125.0,134.0,107.0,114.0
2026-04-14,Shaghaf Vanilla Toffee,Swiss Arabian,arabic,https://www.fragrantica.com/perfume/Swiss-Arabian/Shaghaf-Vanilla-Toffee-98548.html,2024,unisex,Oriental Vanilla,3.62,601,"Toffee, Coffee","Vanilla, Walnut, Dates, Milk, Cardamom","Brown sugar, Madagascar Vanilla, Woody Notes, Vanilla Caviar, Tonka Bean, Benzoin, Musk","sweet, vanilla, warm spicy, woody, coffee, nutty, amber","Perfumers, Perfumers",244,121,68,97,71,85.0,30.0,262.0,315.0,154.0,219.0
2026-04-14,Saffron Oud,Arabian Oud,arabic,https://www.fragrantica.com/perfume/Arabian-Oud/Saffron-Oud-91547.html,2024,unisex,,4.70,79,,,,,"Perfumers, Perfumers",59,17,2,1,0,30.0,16.0,40.0,49.0,28.0,46.0
2026-04-14,Evoke Gold For Him,Ajmal,arabic,https://www.fragrantica.com/perfume/Ajmal/Evoke-Gold-For-Him-51252.html,2018,male,Woody Aromatic,4.39,707,"Neroli, Pepper","Orris Root, Amber, Geranium","Cedar, Patchouli","iris, fresh spicy, woody, powdery, earthy, aromatic, amber, warm spicy, white floral, citrus","Perfumers, Perfumers",407,210,56,25,9,460.0,380.0,438.0,243.0,438.0,284.0
2026-04-14,Kuro,Ajmal,arabic,https://www.fragrantica.com/perfume/Ajmal/Kuro-51250.html,2018,male,Aromatic Spicy,4.16,411,"Pepper, Ambergris, Lavender, Bergamot, Patchouli, Vetiver, Geranium",,,"fresh spicy, aromatic, amber, lavender, citrus, warm spicy, woody, animalic, patchouli, earthy","Perfumers, Perfumers",182,146,58,18,7,256.0,240.0,211.0,128.0,249.0,188.0
2026-04-14,Amber Wood,Ajmal,arabic,https://www.fragrantica.com/perfume/Ajmal/Amber-Wood-26016.html,2014,unisex,Oriental Woody,4.14,"1,155","Cardamom, Apple, Lavender, White Pepper","Cedar, Orris","Amber, Woody Notes, Patchouli","woody, amber, warm spicy, fresh spicy, aromatic, patchouli, powdery, lavender, fruity","Perfumers, Perfumers",563,359,101,101,31,234.0,126.0,466.0,446.0,269.0,419.0
2026-04-14,Aurum,Ajmal,arabic,https://www.fragrantica.com/perfume/Ajmal/Aurum-14028.html,2011,female,Floral Fruity,3.75,936,"Raspberry, Lemon","Fruity Notes, Gardenia, Orange Blossom, Jasmine, Spicy Notes","Powdery Notes, Vanilla, Musk, Amber, Woody Notes","white floral, fruity, sweet, powdery, citrus, vanilla, musky, amber, animalic","Perfumers, Perfumers",211,460,91,165,9,175.0,158.0,224.0,152.0,251.0,145.0
